種別,分類,動画での表示名,団体/チーム名,団体ID,配信日,大会名,URL,動画配信元,動画配信元URL,動画配信元ロゴURL
ライブ（チャプター）,スリークロスチーム,綾北B,綾北B,o1t09c6f,2026-05-04,【FINAL】2026 MIX3™︎Div.2/3 スリークロス FINAL｜2026/5/4,https://www.youtube.com/watch?v=0kYihlNHx1Q&t=9032s,マーチング祭,https://www.youtube.com/channel/UC4k9RWxkryjqTtQwkEo07Bg,
ライブ（チャプター）,スリークロスチーム,湘南ドルフィンズマーチングバンド,湘南ドルフィンズ・マーチングバンド,o1nov4hn,2026-05-04,【FINAL】2026 MIX3™︎Div.2/3 スリークロス FINAL｜2026/5/5,https://www.youtube.com/watch?v=0kYihlNHx1Q&t=8595s,マーチング祭,https://www.youtube.com/channel/UC4k9RWxkryjqTtQwkEo07Bg,
ライブ（チャプター）,スリークロスチーム,Angelus,Angelus,o19cl1yl,2026-05-04,【FINAL】2026 MIX3™︎Div.2/3 スリークロス FINAL｜2026/5/6,https://www.youtube.com/watch?v=0kYihlNHx1Q&t=8260s,マーチング祭,https://www.youtube.com/channel/UC4k9RWxkryjqTtQwkEo07Bg,
ライブ（チャプター）,スリークロスチーム,THE 永野STARS,THE 永野 STARS,o1o6klx2,2026-05-04,【FINAL】2026 MIX3™︎Div.2/3 スリークロス FINAL｜2026/5/7,https://www.youtube.com/watch?v=0kYihlNHx1Q&t=8003s,マーチング祭,https://www.youtube.com/channel/UC4k9RWxkryjqTtQwkEo07Bg,
ライブ（チャプター）,スリークロスチーム,綾北C,綾北C,o1sq9qhg,2026-05-04,【FINAL】2026 MIX3™︎Div.2/3 スリークロス FINAL｜2026/5/8,https://www.youtube.com/watch?v=0kYihlNHx1Q&t=7655s,マーチング祭,https://www.youtube.com/channel/UC4k9RWxkryjqTtQwkEo07Bg,
ライブ（チャプター）,スリークロスチーム,JINRO LINE from Revolt,JINRO LINE from Revolt,o1wwf9pb,2026-05-04,【FINAL】2026 MIX3™︎Div.2/3 スリークロス FINAL｜2026/5/9,https://www.youtube.com/watch?v=0kYihlNHx1Q&t=7362s,マーチング祭,https://www.youtube.com/channel/UC4k9RWxkryjqTtQwkEo07Bg,
ライブ（チャプター）,スリークロスチーム,Natsuki+Miyuki+Mizuki+Shunsuke,Natsuki+Miyuki+Mizuki+Shunsuke,o2a87j,2026-05-04,【FINAL】2026 MIX3™︎Div.2/3 スリークロス FINAL｜2026/5/10,https://www.youtube.com/watch?v=0kYihlNHx1Q&t=7101s,マーチング祭,https://www.youtube.com/channel/UC4k9RWxkryjqTtQwkEo07Bg,
ライブ（チャプター）,スリークロスチーム,わんでいぴゅあfrom Revolt,わんでいぴゅあfrom Revolt,o1w1giiy,2026-05-04,【FINAL】2026 MIX3™︎Div.2/3 スリークロス FINAL｜2026/5/11,https://www.youtube.com/watch?v=0kYihlNHx1Q&t=6773s,マーチング祭,https://www.youtube.com/channel/UC4k9RWxkryjqTtQwkEo07Bg,
ライブ（チャプター）,スリークロスチーム,SVCG,SVCG,obzw4bz,2026-05-04,【FINAL】2026 MIX3™︎Div.2/3 スリークロス FINAL｜2026/5/12,https://www.youtube.com/watch?v=0kYihlNHx1Q&t=5319s,マーチング祭,https://www.youtube.com/channel/UC4k9RWxkryjqTtQwkEo07Bg,
ライブ（チャプター）,スリークロスチーム,Splendore,Splendore,odxbtsu,2026-05-04,【FINAL】2026 MIX3™︎Div.2/3 スリークロス FINAL｜2026/5/13,https://www.youtube.com/watch?v=0kYihlNHx1Q&t=4975s,マーチング祭,https://www.youtube.com/channel/UC4k9RWxkryjqTtQwkEo07Bg,
ライブ（チャプター）,スリークロスチーム,干支一周余り from Revolt,干支一周余り from Revolt,o3cpic1,2026-05-04,【FINAL】2026 MIX3™︎Div.2/3 スリークロス FINAL｜2026/5/14,https://www.youtube.com/watch?v=0kYihlNHx1Q&t=4241s,マーチング祭,https://www.youtube.com/channel/UC4k9RWxkryjqTtQwkEo07Bg,
ライブ（チャプター）,スリークロスチーム,Mirai,Mirai,o13ij1qm,2026-05-04,【FINAL】2026 MIX3™︎Div.2/3 スリークロス FINAL｜2026/5/15,https://www.youtube.com/watch?v=0kYihlNHx1Q&t=3928s,マーチング祭,https://www.youtube.com/channel/UC4k9RWxkryjqTtQwkEo07Bg,
ライブ（チャプター）,スリークロスチーム,Ryu,Ryu,o1vy5zdc,2026-05-04,【FINAL】2026 MIX3™︎Div.2/3 スリークロス FINAL｜2026/5/16,https://www.youtube.com/watch?v=0kYihlNHx1Q&t=3642s,マーチング祭,https://www.youtube.com/channel/UC4k9RWxkryjqTtQwkEo07Bg,
ライブ（チャプター）,スリークロスチーム,Naoya,Naoya,o1pd3ajk,2026-05-04,【FINAL】2026 MIX3™︎Div.2/3 スリークロス FINAL｜2026/5/17,https://www.youtube.com/watch?v=0kYihlNHx1Q&t=3298s,マーチング祭,https://www.youtube.com/channel/UC4k9RWxkryjqTtQwkEo07Bg,
ライブ（チャプター）,スリークロスチーム,Nana,Nana,o1bnp7y4,2026-05-04,【FINAL】2026 MIX3™︎Div.2/3 スリークロス FINAL｜2026/5/18,https://www.youtube.com/watch?v=0kYihlNHx1Q&t=3011s,マーチング祭,https://www.youtube.com/channel/UC4k9RWxkryjqTtQwkEo07Bg,
ライブ（チャプター）,スリークロスチーム,Emotion Doll,Emotion Doll,ociktv6,2026-05-04,【FINAL】2026 MIX3™︎Div.2/3 スリークロス FINAL｜2026/5/19,https://www.youtube.com/watch?v=0kYihlNHx1Q&t=2596s,マーチング祭,https://www.youtube.com/channel/UC4k9RWxkryjqTtQwkEo07Bg,
ライブ（チャプター）,スリークロスチーム,ゆうへい,ゆうへい,om9cmqo,2026-05-04,【FINAL】2026 MIX3™︎Div.2/3 スリークロス FINAL｜2026/5/20,https://www.youtube.com/watch?v=0kYihlNHx1Q&t=2292s,マーチング祭,https://www.youtube.com/channel/UC4k9RWxkryjqTtQwkEo07Bg,
ライブ（チャプター）,スリークロスチーム,SOUI,SOUI,o1yfmeak,2026-05-04,【FINAL】2026 MIX3™︎Div.2/3 スリークロス FINAL｜2026/5/21,https://www.youtube.com/watch?v=0kYihlNHx1Q&t=1925s,マーチング祭,https://www.youtube.com/channel/UC4k9RWxkryjqTtQwkEo07Bg,
ライブ（チャプター）,スリークロスチーム,終幕,,o10hrlsx,2026-05-04,【FINAL】2026 MIX3™︎Div.2/3 スリークロス FINAL｜2026/5/22,https://www.youtube.com/watch?v=0kYihlNHx1Q&t=19219s,マーチング祭,https://www.youtube.com/channel/UC4k9RWxkryjqTtQwkEo07Bg,
ライブ（チャプター）,スリークロスチーム,"【Winners' Show】""Keys""","""Keys""",o1stc8b4,2026-05-04,【FINAL】2026 MIX3™︎Div.2/3 スリークロス FINAL｜2026/5/23,https://www.youtube.com/watch?v=0kYihlNHx1Q&t=18825s,マーチング祭,https://www.youtube.com/channel/UC4k9RWxkryjqTtQwkEo07Bg,
ライブ（チャプター）,スリークロスチーム,【Winners' Show】JINRO LINE from Revolt,JINRO LINE from Revolt,o1wwf9pb,2026-05-04,【FINAL】2026 MIX3™︎Div.2/3 スリークロス FINAL｜2026/5/24,https://www.youtube.com/watch?v=0kYihlNHx1Q&t=18467s,マーチング祭,https://www.youtube.com/channel/UC4k9RWxkryjqTtQwkEo07Bg,
ライブ（チャプター）,スリークロスチーム,【Winners' Show】Lynoir,Lynoir,oer4u3j,2026-05-04,【FINAL】2026 MIX3™︎Div.2/3 スリークロス FINAL｜2026/5/25,https://www.youtube.com/watch?v=0kYihlNHx1Q&t=18068s,マーチング祭,https://www.youtube.com/channel/UC4k9RWxkryjqTtQwkEo07Bg,
ライブ（チャプター）,スリークロスチーム,【Winners' Show】Mirai,Mirai,o13ij1qm,2026-05-04,【FINAL】2026 MIX3™︎Div.2/3 スリークロス FINAL｜2026/5/26,https://www.youtube.com/watch?v=0kYihlNHx1Q&t=17726s,マーチング祭,https://www.youtube.com/channel/UC4k9RWxkryjqTtQwkEo07Bg,
ライブ（チャプター）,スリークロスチーム,スリークロス応援の楽しみ方（Special Thanks Ryu),,o1xepif1,2026-05-04,【FINAL】2026 MIX3™︎Div.2/3 スリークロス FINAL｜2026/5/27,https://www.youtube.com/watch?v=0kYihlNHx1Q&t=17612s,マーチング祭,https://www.youtube.com/channel/UC4k9RWxkryjqTtQwkEo07Bg,
ライブ（チャプター）,スリークロスチーム,横浜隼人中学・高等学校チアダンス部 Falcons☆,横浜隼人中学・高等学校チアダンス部 Falcons☆,om9u9k3,2026-05-04,【FINAL】2026 MIX3™︎Div.2/3 スリークロス FINAL｜2026/5/28,https://www.youtube.com/watch?v=0kYihlNHx1Q&t=13871s,マーチング祭,https://www.youtube.com/channel/UC4k9RWxkryjqTtQwkEo07Bg,
ライブ（チャプター）,スリークロスチーム,Keys,"""Keys""",o1gcgtj0,2026-05-04,【FINAL】2026 MIX3™︎Div.2/3 スリークロス FINAL｜2026/5/29,https://www.youtube.com/watch?v=0kYihlNHx1Q&t=12699s,マーチング祭,https://www.youtube.com/channel/UC4k9RWxkryjqTtQwkEo07Bg,
ライブ（チャプター）,スリークロスチーム,綾北A,綾北A,o1ta8xve,2026-05-04,【FINAL】2026 MIX3™︎Div.2/3 スリークロス FINAL｜2026/5/30,https://www.youtube.com/watch?v=0kYihlNHx1Q&t=12320s,マーチング祭,https://www.youtube.com/channel/UC4k9RWxkryjqTtQwkEo07Bg,
ライブ（チャプター）,スリークロスチーム,Lynoir,Lynoir,oer4u3j,2026-05-04,【FINAL】2026 MIX3™︎Div.2/3 スリークロス FINAL｜2026/5/31,https://www.youtube.com/watch?v=0kYihlNHx1Q&t=11914s,マーチング祭,https://www.youtube.com/channel/UC4k9RWxkryjqTtQwkEo07Bg,
ライブ（チャプター）,スリークロスチーム,インスタントコー,インスタントコー,o1yudlqd,2026-05-04,【FINAL】2026 MIX3™︎Div.2/3 スリークロス FINAL｜2026/5/32,https://www.youtube.com/watch?v=0kYihlNHx1Q&t=11413s,マーチング祭,https://www.youtube.com/channel/UC4k9RWxkryjqTtQwkEo07Bg,
ライブ（チャプター）,スリークロスチーム,FOCUS BRASS2026,FOCUS BRASS 2026,ojp3eng,2026-05-04,【FINAL】2026 MIX3™︎Div.2/3 スリークロス FINAL｜2026/5/33,https://www.youtube.com/watch?v=0kYihlNHx1Q&t=10943s,マーチング祭,https://www.youtube.com/channel/UC4k9RWxkryjqTtQwkEo07Bg,
ライブ（チャプター）,スリークロスチーム,葛飾吹奏楽団マーチングバンド,葛飾吹奏楽団マーチングバンド,ooga083,2026-05-04,【FINAL】2026 MIX3™︎Div.2/3 スリークロス FINAL｜2026/5/34,https://www.youtube.com/watch?v=0kYihlNHx1Q&t=10569s,マーチング祭,https://www.youtube.com/channel/UC4k9RWxkryjqTtQwkEo07Bg,
ライブ（チャプター）,スリークロスチーム,NARAGAKU Marching Band,NARAGAKU Marching Band,os4jm34,2026-04-26,【関西CS】2026 MIX3™️ / スリークロス 関西CS｜2026/4/26,https://www.youtube.com/watch?v=rnfB71T_PmA&t=7216s,マーチング祭,https://www.youtube.com/@marching-matsuri,
ライブ（チャプター）,スリークロスチーム,岐阜商業高校吹奏楽部 カラーガード,岐阜商業高校吹奏楽部 カラーガード,o1ciz75y,2026-04-26,【関西CS】2026 MIX3™️ / スリークロス 関西CS｜2026/4/26,https://www.youtube.com/watch?v=rnfB71T_PmA&t=5722s,マーチング祭,https://www.youtube.com/@marching-matsuri,
ライブ（チャプター）,スリークロスチーム,Stellamaris Color Guard,Stellamaris Color Guard,o1xrc5h9,2026-04-26,【関西CS】2026 MIX3™️ / スリークロス 関西CS｜2026/4/26,https://www.youtube.com/watch?v=rnfB71T_PmA&t=5399s,マーチング祭,https://www.youtube.com/@marching-matsuri,
ライブ（チャプター）,スリークロスチーム,Guard Team ONE,Guard Team ONE,o4q0yiy,2026-04-26,【関西CS】2026 MIX3™️ / スリークロス 関西CS｜2026/4/26,https://www.youtube.com/watch?v=rnfB71T_PmA&t=5133s,マーチング祭,https://www.youtube.com/@marching-matsuri,
ライブ（チャプター）,スリークロスチーム,v,V,o14o7r9m,2026-04-26,【関西CS】2026 MIX3™️ / スリークロス 関西CS｜2026/4/26,https://www.youtube.com/watch?v=rnfB71T_PmA&t=4835s,マーチング祭,https://www.youtube.com/@marching-matsuri,
ライブ（チャプター）,スリークロスチーム,京都府立木津高等学校吹奏楽部,京都府立木津高等学校吹奏楽部,o1v89nq,2026-04-26,【関西CS】2026 MIX3™️ / スリークロス 関西CS｜2026/4/26,https://www.youtube.com/watch?v=rnfB71T_PmA&t=4375s,マーチング祭,https://www.youtube.com/@marching-matsuri,
ライブ（チャプター）,スリークロスチーム,岐阜ジュニアマーチングバンドThe Diamind,岐⾩ジュニアマーチングバンド The Diamind,o4s4i7d,2026-04-26,【関西CS】2026 MIX3™️ / スリークロス 関西CS｜2026/4/26,https://www.youtube.com/watch?v=rnfB71T_PmA&t=2239s,マーチング祭,https://www.youtube.com/@marching-matsuri,
ライブ（チャプター）,スリークロスチーム,MIYU♡SHIHO(Ribbon),MIYU♡SHIHO(Ribbon),om5cmf1,2026-04-26,【関西CS】2026 MIX3™️ / スリークロス 関西CS｜2026/4/26,https://www.youtube.com/watch?v=rnfB71T_PmA&t=1947s,マーチング祭,https://www.youtube.com/@marching-matsuri,
ライブ（チャプター）,スリークロスチーム,Kouki(Ribbon),Kouki(Ribbon),o5b1ipi,2026-04-26,【関西CS】2026 MIX3™️ / スリークロス 関西CS｜2026/4/26,https://www.youtube.com/watch?v=rnfB71T_PmA&t=1669s,マーチング祭,https://www.youtube.com/@marching-matsuri,
ライブ（チャプター）,スリークロスチーム,開幕！,,,2026-04-26,【関西CS】2026 MIX3™️ / スリークロス 関西CS｜2026/4/26,https://www.youtube.com/watch?v=rnfB71T_PmA&t=1258s,マーチング祭,https://www.youtube.com/@marching-matsuri,
ライブ（チャプター）,スリークロスチーム,終幕,,,2026-04-26,【関西CS】2026 MIX3™️ / スリークロス 関西CS｜2026/4/26,https://www.youtube.com/watch?v=rnfB71T_PmA&t=11029s,マーチング祭,https://www.youtube.com/@marching-matsuri,
ライブ（チャプター）,スリークロスチーム,【Winners' Show】岐阜商業高校吹奏楽部 カラーガード,岐阜商業高校吹奏楽部 カラーガード,o1ciz75y,2026-04-26,【関西CS】2026 MIX3™️ / スリークロス 関西CS｜2026/4/26,https://www.youtube.com/watch?v=rnfB71T_PmA&t=10644s,マーチング祭,https://www.youtube.com/@marching-matsuri,
ライブ（チャプター）,スリークロスチーム,【Winners' Show】Stellamaris Color Guard,Stellamaris Color Guard,o1xrc5h9,2026-04-26,【関西CS】2026 MIX3™️ / スリークロス 関西CS｜2026/4/26,https://www.youtube.com/watch?v=rnfB71T_PmA&t=10308s,マーチング祭,https://www.youtube.com/@marching-matsuri,
ライブ（チャプター）,スリークロスチーム,【Winners' Show】v,V,o14o7r9m,2026-04-26,【関西CS】2026 MIX3™️ / スリークロス 関西CS｜2026/4/26,https://www.youtube.com/watch?v=rnfB71T_PmA&t=10008s,マーチング祭,https://www.youtube.com/@marching-matsuri,
ライブ（チャプター）,スリークロスチーム,SENDAI Verdures,SENDAI Verdures,o126whaw,2026-04-19,【東北CS】2026 MIX3™️ / スリークロス 東北CS｜2026/4/19,https://www.youtube.com/watch?v=Y1P9Rq0Hz9E&t=9509s,マーチング祭,https://www.youtube.com/channel/UC4k9RWxkryjqTtQwkEo07Bg,
ライブ（チャプター）,スリークロスチーム,Keys,"""Keys""",o1gcgtj0,2026-04-19,【東北CS】2026 MIX3™️ / スリークロス 東北CS｜2026/4/19,https://www.youtube.com/watch?v=Y1P9Rq0Hz9E&t=8218s,マーチング祭,https://www.youtube.com/channel/UC4k9RWxkryjqTtQwkEo07Bg,
ライブ（チャプター）,スリークロスチーム,"ジュニアマーチングバンド""Be-Lights""","ジュニアマーチングバンド""Be-Lights""",o155c77b,2026-04-19,【東北CS】2026 MIX3™️ / スリークロス 東北CS｜2026/4/19,https://www.youtube.com/watch?v=Y1P9Rq0Hz9E&t=7750s,マーチング祭,https://www.youtube.com/channel/UC4k9RWxkryjqTtQwkEo07Bg,
ライブ（チャプター）,スリークロスチーム,Guard Team Unity,Guard Team Unity,oxevvw7,2026-04-19,【東北CS】2026 MIX3™️ / スリークロス 東北CS｜2026/4/19,https://www.youtube.com/watch?v=Y1P9Rq0Hz9E&t=7355s,マーチング祭,https://www.youtube.com/channel/UC4k9RWxkryjqTtQwkEo07Bg,
ライブ（チャプター）,スリークロスチーム,DER GLANZ カラーガード,DER GLANZ カラーガード,o16z2hzs,2026-04-19,【東北CS】2026 MIX3™️ / スリークロス 東北CS｜2026/4/19,https://www.youtube.com/watch?v=Y1P9Rq0Hz9E&t=7065s,マーチング祭,https://www.youtube.com/channel/UC4k9RWxkryjqTtQwkEo07Bg,
ライブ（チャプター）,スリークロスチーム,（SVCG）出演者希望により配信なし,,o181ydoo,2026-04-19,【東北CS】2026 MIX3™️ / スリークロス 東北CS｜2026/4/19,https://www.youtube.com/watch?v=Y1P9Rq0Hz9E&t=5454s,マーチング祭,https://www.youtube.com/channel/UC4k9RWxkryjqTtQwkEo07Bg,
ライブ（チャプター）,スリークロスチーム,Mii,Mii,o1g1glwh,2026-04-19,【東北CS】2026 MIX3™️ / スリークロス 東北CS｜2026/4/19,https://www.youtube.com/watch?v=Y1P9Rq0Hz9E&t=5221s,マーチング祭,https://www.youtube.com/channel/UC4k9RWxkryjqTtQwkEo07Bg,
ライブ（チャプター）,スリークロスチーム,DEARS,DEARS,oa6307x,2026-04-19,【東北CS】2026 MIX3™️ / スリークロス 東北CS｜2026/4/19,https://www.youtube.com/watch?v=Y1P9Rq0Hz9E&t=4857s,マーチング祭,https://www.youtube.com/channel/UC4k9RWxkryjqTtQwkEo07Bg,
ライブ（チャプター）,スリークロスチーム,さとかりん,さとかりん,o16anp0h,2026-04-19,【東北CS】2026 MIX3™️ / スリークロス 東北CS｜2026/4/19,https://www.youtube.com/watch?v=Y1P9Rq0Hz9E&t=4446s,マーチング祭,https://www.youtube.com/channel/UC4k9RWxkryjqTtQwkEo07Bg,
ライブ（チャプター）,スリークロスチーム,sayahina,sayahina,oxj5xgk,2026-04-19,【東北CS】2026 MIX3™️ / スリークロス 東北CS｜2026/4/19,https://www.youtube.com/watch?v=Y1P9Rq0Hz9E&t=4024s,マーチング祭,https://www.youtube.com/channel/UC4k9RWxkryjqTtQwkEo07Bg,
ライブ（チャプター）,スリークロスチーム,杏夏,杏夏,o1ql0qdq,2026-04-19,【東北CS】2026 MIX3™️ / スリークロス 東北CS｜2026/4/19,https://www.youtube.com/watch?v=Y1P9Rq0Hz9E&t=3717s,マーチング祭,https://www.youtube.com/channel/UC4k9RWxkryjqTtQwkEo07Bg,
ライブ（チャプター）,スリークロスチーム,WOLYNX,WOLYNX,o67ypnf,2026-04-19,【東北CS】2026 MIX3™️ / スリークロス 東北CS｜2026/4/19,https://www.youtube.com/watch?v=Y1P9Rq0Hz9E&t=3380s,マーチング祭,https://www.youtube.com/channel/UC4k9RWxkryjqTtQwkEo07Bg,
ライブ（チャプター）,スリークロスチーム,尾口 泰音,尾口 泰音,o178ej7s,2026-04-19,【東北CS】2026 MIX3™️ / スリークロス 東北CS｜2026/4/19,https://www.youtube.com/watch?v=Y1P9Rq0Hz9E&t=3069s,マーチング祭,https://www.youtube.com/channel/UC4k9RWxkryjqTtQwkEo07Bg,
ライブ（チャプター）,スリークロスチーム,yuuki,yuuki,o1ya5ad5,2026-04-19,【東北CS】2026 MIX3™️ / スリークロス 東北CS｜2026/4/19,https://www.youtube.com/watch?v=Y1P9Rq0Hz9E&t=2721s,マーチング祭,https://www.youtube.com/channel/UC4k9RWxkryjqTtQwkEo07Bg,
ライブ（チャプター）,スリークロスチーム,開幕,,o1g14xv8,2026-04-19,【東北CS】2026 MIX3™️ / スリークロス 東北CS｜2026/4/19,https://www.youtube.com/watch?v=Y1P9Rq0Hz9E&t=2303s,マーチング祭,https://www.youtube.com/channel/UC4k9RWxkryjqTtQwkEo07Bg,
ライブ（チャプター）,スリークロスチーム,終幕,,o10hrlsx,2026-04-19,【東北CS】2026 MIX3™️ / スリークロス 東北CS｜2026/4/19,https://www.youtube.com/watch?v=Y1P9Rq0Hz9E&t=13131s,マーチング祭,https://www.youtube.com/channel/UC4k9RWxkryjqTtQwkEo07Bg,
ライブ（チャプター）,スリークロスチーム,"【Winners' Show】""Keys""","""Keys""",o1stc8b4,2026-04-19,【東北CS】2026 MIX3™️ / スリークロス 東北CS｜2026/4/19,https://www.youtube.com/watch?v=Y1P9Rq0Hz9E&t=12690s,マーチング祭,https://www.youtube.com/channel/UC4k9RWxkryjqTtQwkEo07Bg,
ライブ（チャプター）,スリークロスチーム,（【Winners' Show】SVCG）出演者希望により配信なし,,ov00hrf,2026-04-19,【東北CS】2026 MIX3™️ / スリークロス 東北CS｜2026/4/19,https://www.youtube.com/watch?v=Y1P9Rq0Hz9E&t=12328s,マーチング祭,https://www.youtube.com/channel/UC4k9RWxkryjqTtQwkEo07Bg,
ライブ（チャプター）,スリークロスチーム,【Winners' Show】Guard Team Unity,Guard Team Unity,oxevvw7,2026-04-19,【東北CS】2026 MIX3™️ / スリークロス 東北CS｜2026/4/19,https://www.youtube.com/watch?v=Y1P9Rq0Hz9E&t=12029s,マーチング祭,https://www.youtube.com/channel/UC4k9RWxkryjqTtQwkEo07Bg,
ライブ（チャプター）,スリークロスチーム,"【Winners' Show】ジュニアマーチングバンド""Be-Lights""","ジュニアマーチングバンド""Be-Lights""",o155c77b,2026-04-19,【東北CS】2026 MIX3™️ / スリークロス 東北CS｜2026/4/19,https://www.youtube.com/watch?v=Y1P9Rq0Hz9E&t=11590s,マーチング祭,https://www.youtube.com/channel/UC4k9RWxkryjqTtQwkEo07Bg,
ライブ（チャプター）,スリークロスチーム,準備,,o1a6g355,2026-04-19,【東北CS】2026 MIX3™️ / スリークロス 東北CS｜2026/4/19,https://www.youtube.com/watch?v=Y1P9Rq0Hz9E&t=10295s,マーチング祭,https://www.youtube.com/channel/UC4k9RWxkryjqTtQwkEo07Bg,
ライブ（チャプター）,スリークロスチーム,[泉区制40周年Performance] 創価ルネサンスバンガード・ジュニア,創価ルネサンスバンガード・ジュニア,ofdudai,2026-04-18,【関東CS】2026 MIX3™️ / スリークロス 関東CS｜2026/4/18【泉区制40周年関連事業】,https://www.youtube.com/watch?v=QgSAK5THZjg&t=9487s,マーチング祭,https://www.youtube.com/@marching-matsuri,
ライブ（チャプター）,スリークロスチーム,[泉区制40周年Performance] 横浜中田ジュニアマーチングバンド,横浜中田ジュニアマーチングバンド,ossiiwr,2026-04-18,【関東CS】2026 MIX3™️ / スリークロス 関東CS｜2026/4/18【泉区制40周年関連事業】,https://www.youtube.com/watch?v=QgSAK5THZjg&t=8552s,マーチング祭,https://www.youtube.com/@marching-matsuri,
ライブ（チャプター）,スリークロスチーム,葛飾吹奏楽団マーチングバンド,葛飾吹奏楽団マーチングバンド,ooga083,2026-04-18,【関東CS】2026 MIX3™️ / スリークロス 関東CS｜2026/4/18【泉区制40周年関連事業】,https://www.youtube.com/watch?v=QgSAK5THZjg&t=6975s,マーチング祭,https://www.youtube.com/@marching-matsuri,
ライブ（チャプター）,スリークロスチーム,Lynoir,Lynoir,oer4u3j,2026-04-18,【関東CS】2026 MIX3™️ / スリークロス 関東CS｜2026/4/18【泉区制40周年関連事業】,https://www.youtube.com/watch?v=QgSAK5THZjg&t=6554s,マーチング祭,https://www.youtube.com/@marching-matsuri,
ライブ（チャプター）,スリークロスチーム,Angelus,Angelus,o19cl1yl,2026-04-18,【関東CS】2026 MIX3™️ / スリークロス 関東CS｜2026/4/18【泉区制40周年関連事業】,https://www.youtube.com/watch?v=QgSAK5THZjg&t=6170s,マーチング祭,https://www.youtube.com/@marching-matsuri,
ライブ（チャプター）,スリークロスチーム,THE 永野 STARS,THE 永野 STARS,o1o6klx2,2026-04-18,【関東CS】2026 MIX3™️ / スリークロス 関東CS｜2026/4/18【泉区制40周年関連事業】,https://www.youtube.com/watch?v=QgSAK5THZjg&t=5913s,マーチング祭,https://www.youtube.com/@marching-matsuri,
ライブ（チャプター）,スリークロスチーム,Dreamers,Dreamers,o1pf3pft,2026-04-18,【関東CS】2026 MIX3™️ / スリークロス 関東CS｜2026/4/18【泉区制40周年関連事業】,https://www.youtube.com/watch?v=QgSAK5THZjg&t=5548s,マーチング祭,https://www.youtube.com/@marching-matsuri,
ライブ（チャプター）,スリークロスチーム,Emotion Doll,Emotion Doll,ociktv6,2026-04-18,【関東CS】2026 MIX3™️ / スリークロス 関東CS｜2026/4/18【泉区制40周年関連事業】,https://www.youtube.com/watch?v=QgSAK5THZjg&t=4056s,マーチング祭,https://www.youtube.com/@marching-matsuri,
ライブ（チャプター）,スリークロスチーム,15gals,15gals,o1eca2ff,2026-04-18,【関東CS】2026 MIX3™️ / スリークロス 関東CS｜2026/4/18【泉区制40周年関連事業】,https://www.youtube.com/watch?v=QgSAK5THZjg&t=3736s,マーチング祭,https://www.youtube.com/@marching-matsuri,
ライブ（チャプター）,スリークロスチーム,Splendore,Splendore,odxbtsu,2026-04-18,【関東CS】2026 MIX3™️ / スリークロス 関東CS｜2026/4/18【泉区制40周年関連事業】,https://www.youtube.com/watch?v=QgSAK5THZjg&t=3408s,マーチング祭,https://www.youtube.com/@marching-matsuri,
ライブ（チャプター）,スリークロスチーム,TP Virus,TP Virus,o1lktb69,2026-04-18,【関東CS】2026 MIX3™️ / スリークロス 関東CS｜2026/4/18【泉区制40周年関連事業】,https://www.youtube.com/watch?v=QgSAK5THZjg&t=3058s,マーチング祭,https://www.youtube.com/@marching-matsuri,
ライブ（チャプター）,スリークロスチーム,Uneven,Uneven,ouy8d9j,2026-04-18,【関東CS】2026 MIX3™️ / スリークロス 関東CS｜2026/4/18【泉区制40周年関連事業】,https://www.youtube.com/watch?v=QgSAK5THZjg&t=2760s,マーチング祭,https://www.youtube.com/@marching-matsuri,
ライブ（チャプター）,スリークロスチーム,橋本 希愛,橋本 希愛,oei52wo,2026-04-18,【関東CS】2026 MIX3™️ / スリークロス 関東CS｜2026/4/18【泉区制40周年関連事業】,https://www.youtube.com/watch?v=QgSAK5THZjg&t=2543s,マーチング祭,https://www.youtube.com/@marching-matsuri,
ライブ（チャプター）,スリークロスチーム,井上 こすず,井上 こすず,o1nnz60x,2026-04-18,【関東CS】2026 MIX3™️ / スリークロス 関東CS｜2026/4/18【泉区制40周年関連事業】,https://www.youtube.com/watch?v=QgSAK5THZjg&t=2253s,マーチング祭,https://www.youtube.com/@marching-matsuri,
ライブ（チャプター）,スリークロスチーム,オープニング演奏【横浜中田ジュニアマーチングバンド】,横浜中田ジュニアマーチングバンド,ossiiwr,2026-04-18,【関東CS】2026 MIX3™️ / スリークロス 関東CS｜2026/4/18【泉区制40周年関連事業】,https://www.youtube.com/watch?v=QgSAK5THZjg&t=1725s,マーチング祭,https://www.youtube.com/@marching-matsuri,
ライブ（チャプター）,スリークロスチーム,【Winners' Show】Dreamers,Dreamers,o1pf3pft,2026-04-18,【関東CS】2026 MIX3™️ / スリークロス 関東CS｜2026/4/18【泉区制40周年関連事業】,https://www.youtube.com/watch?v=QgSAK5THZjg&t=12625s,マーチング祭,https://www.youtube.com/@marching-matsuri,
ライブ（チャプター）,スリークロスチーム,【Winners' Show】Splendore,Splendore,odxbtsu,2026-04-18,【関東CS】2026 MIX3™️ / スリークロス 関東CS｜2026/4/18【泉区制40周年関連事業】,https://www.youtube.com/watch?v=QgSAK5THZjg&t=11918s,マーチング祭,https://www.youtube.com/@marching-matsuri,
ライブ（チャプター）,スリークロスチーム,【Winners' Show】Uneven,Uneven,ouy8d9j,2026-04-18,【関東CS】2026 MIX3™️ / スリークロス 関東CS｜2026/4/18【泉区制40周年関連事業】,https://www.youtube.com/watch?v=QgSAK5THZjg&t=11597s,マーチング祭,https://www.youtube.com/@marching-matsuri,
動画,スリークロスチーム,"綾北""Mercury winds""","綾北""Mercury winds""",ocfxnxr,2026-03-31,"【綾北""Mercury winds"" 】2026スリークロス Div.1  【Director's Cut】",https://www.youtube.com/watch?v=zPrYC0efNLk,マーチング祭,https://www.youtube.com/@marching-matsuri,
ライブ（チャプター）,スリークロスチーム,Imperial Sound color&guard corps,Imperial Sound color&guard corps,o17buxvf,2026-03-30,【東海オープン】2026 MIX3™️ / スリークロス 東海オープン｜2026/3/29,https://www.youtube.com/watch?v=HGv6UUHRHtY&t=9837s,マーチング祭,https://www.youtube.com/channel/UC4k9RWxkryjqTtQwkEo07Bg,
ライブ（チャプター）,スリークロスチーム,東海学院⼤学カラーガード,東海学院大学カラーガード,omi7u6q,2026-03-30,【東海オープン】2026 MIX3™️ / スリークロス 東海オープン｜2026/3/29,https://www.youtube.com/watch?v=HGv6UUHRHtY&t=836s,マーチング祭,https://www.youtube.com/channel/UC4k9RWxkryjqTtQwkEo07Bg,
ライブ（チャプター）,スリークロスチーム,THE FOCUS,THE FOCUS,o1iahfpj,2026-03-30,【東海オープン】2026 MIX3™️ / スリークロス 東海オープン｜2026/3/29,https://www.youtube.com/watch?v=HGv6UUHRHtY&t=6713s,マーチング祭,https://www.youtube.com/channel/UC4k9RWxkryjqTtQwkEo07Bg,
ライブ（チャプター）,スリークロスチーム,THE FOCUS color guard,THE FOCUS color guard,o1tn3crh,2026-03-30,【東海オープン】2026 MIX3™️ / スリークロス 東海オープン｜2026/3/29,https://www.youtube.com/watch?v=HGv6UUHRHtY&t=6291s,マーチング祭,https://www.youtube.com/channel/UC4k9RWxkryjqTtQwkEo07Bg,
ライブ（チャプター）,スリークロスチーム,かかみの⾳楽フォレストガードチーム チェリー,かかみの⾳楽フォレストガードチーム チェリー,o2gy2bu,2026-03-30,【東海オープン】2026 MIX3™️ / スリークロス 東海オープン｜2026/3/29,https://www.youtube.com/watch?v=HGv6UUHRHtY&t=5896s,マーチング祭,https://www.youtube.com/channel/UC4k9RWxkryjqTtQwkEo07Bg,
ライブ（チャプター）,スリークロスチーム,THE FOCUS BRASS 2026 Produced by allure,FOCUS BRASS 2026,ojp3eng,2026-03-30,【東海オープン】2026 MIX3™️ / スリークロス 東海オープン｜2026/3/29,https://www.youtube.com/watch?v=HGv6UUHRHtY&t=5477s,マーチング祭,https://www.youtube.com/channel/UC4k9RWxkryjqTtQwkEo07Bg,
ライブ（チャプター）,スリークロスチーム,岐阜商業高校吹奏楽部 カラーガード,岐阜商業高校吹奏楽部 カラーガード,okh51wa,2026-03-30,【東海オープン】2026 MIX3™️ / スリークロス 東海オープン｜2026/3/29,https://www.youtube.com/watch?v=HGv6UUHRHtY&t=5017s,マーチング祭,https://www.youtube.com/channel/UC4k9RWxkryjqTtQwkEo07Bg,
ライブ（チャプター）,スリークロスチーム,Solo,Solo,oopoadz,2026-03-30,【東海オープン】2026 MIX3™️ / スリークロス 東海オープン｜2026/3/29,https://www.youtube.com/watch?v=HGv6UUHRHtY&t=475s,マーチング祭,https://www.youtube.com/channel/UC4k9RWxkryjqTtQwkEo07Bg,
ライブ（チャプター）,スリークロスチーム,かかみの⾳楽フォレスト さくらマーチングバンド カラーガード,かかみの⾳楽フォレスト さくらマーチングバンド カラーガード,o1i9kvli,2026-03-30,【東海オープン】2026 MIX3™️ / スリークロス 東海オープン｜2026/3/29,https://www.youtube.com/watch?v=HGv6UUHRHtY&t=4692s,マーチング祭,https://www.youtube.com/channel/UC4k9RWxkryjqTtQwkEo07Bg,
ライブ（チャプター）,スリークロスチーム,Imperial Sound color&guard corps,Imperial Sound color&guard corps,o17buxvf,2026-03-30,【東海オープン】2026 MIX3™️ / スリークロス 東海オープン｜2026/3/29,https://www.youtube.com/watch?v=HGv6UUHRHtY&t=4352s,マーチング祭,https://www.youtube.com/channel/UC4k9RWxkryjqTtQwkEo07Bg,
ライブ（チャプター）,スリークロスチーム,Bluujua,Bluujua,on2280k,2026-03-30,【東海オープン】2026 MIX3™️ / スリークロス 東海オープン｜2026/3/29,https://www.youtube.com/watch?v=HGv6UUHRHtY&t=4010s,マーチング祭,https://www.youtube.com/channel/UC4k9RWxkryjqTtQwkEo07Bg,
ライブ（チャプター）,スリークロスチーム,美濃加茂⾼校カラーガード,美濃加茂⾼校カラーガード,o1lranhh,2026-03-30,【東海オープン】2026 MIX3™️ / スリークロス 東海オープン｜2026/3/29,https://www.youtube.com/watch?v=HGv6UUHRHtY&t=3720s,マーチング祭,https://www.youtube.com/channel/UC4k9RWxkryjqTtQwkEo07Bg,
ライブ（チャプター）,スリークロスチーム,Guard Team Bump Jr.,Guard Team Bump Jr.,o14bdjw4,2026-03-30,【東海オープン】2026 MIX3™️ / スリークロス 東海オープン｜2026/3/29,https://www.youtube.com/watch?v=HGv6UUHRHtY&t=3404s,マーチング祭,https://www.youtube.com/channel/UC4k9RWxkryjqTtQwkEo07Bg,
ライブ（チャプター）,スリークロスチーム,浜松市⽴三⽅原中学校吹奏楽部,浜松市⽴三⽅原中学校吹奏楽部,o1ltoc66,2026-03-30,【東海オープン】2026 MIX3™️ / スリークロス 東海オープン｜2026/3/29,https://www.youtube.com/watch?v=HGv6UUHRHtY&t=3093s,マーチング祭,https://www.youtube.com/channel/UC4k9RWxkryjqTtQwkEo07Bg,
ライブ（チャプター）,スリークロスチーム,"岐⾩Jr.マーチングバンド The Diamind ""Team KOBADAI""","岐⾩Jr.マーチングバンド The Diamind ""Team KOBADAI""",octp74e,2026-03-30,【東海オープン】2026 MIX3™️ / スリークロス 東海オープン｜2026/3/29,https://www.youtube.com/watch?v=HGv6UUHRHtY&t=2718s,マーチング祭,https://www.youtube.com/channel/UC4k9RWxkryjqTtQwkEo07Bg,
ライブ（チャプター）,スリークロスチーム,Imperial Sound D&BC Tenor Drum,Imperial Sound D&BC Tenor Drum,odklx4r,2026-03-30,【東海オープン】2026 MIX3™️ / スリークロス 東海オープン｜2026/3/29,https://www.youtube.com/watch?v=HGv6UUHRHtY&t=2350s,マーチング祭,https://www.youtube.com/channel/UC4k9RWxkryjqTtQwkEo07Bg,
ライブ（チャプター）,スリークロスチーム,岐⾩ジュニアマーチングバンド The Diamind,岐⾩ジュニアマーチングバンド The Diamind,o1m2wx52,2026-03-30,【東海オープン】2026 MIX3™️ / スリークロス 東海オープン｜2026/3/29,https://www.youtube.com/watch?v=HGv6UUHRHtY&t=2068s,マーチング祭,https://www.youtube.com/channel/UC4k9RWxkryjqTtQwkEo07Bg,
ライブ（チャプター）,スリークロスチーム,Ivory,Ivory,ocozkkd,2026-03-30,【東海オープン】2026 MIX3™️ / スリークロス 東海オープン｜2026/3/29,https://www.youtube.com/watch?v=HGv6UUHRHtY&t=1732s,マーチング祭,https://www.youtube.com/channel/UC4k9RWxkryjqTtQwkEo07Bg,
ライブ（チャプター）,スリークロスチーム,Uneven,Uneven,ouy8d9j,2026-03-30,【東海オープン】2026 MIX3™️ / スリークロス 東海オープン｜2026/3/29,https://www.youtube.com/watch?v=HGv6UUHRHtY&t=1432s,マーチング祭,https://www.youtube.com/channel/UC4k9RWxkryjqTtQwkEo07Bg,
ライブ（チャプター）,スリークロスチーム,ふーちゃんず,ふーちゃんず,o3mwzdo,2026-03-30,【東海オープン】2026 MIX3™️ / スリークロス 東海オープン｜2026/3/29,https://www.youtube.com/watch?v=HGv6UUHRHtY&t=1111s,マーチング祭,https://www.youtube.com/channel/UC4k9RWxkryjqTtQwkEo07Bg,
ライブ（チャプター）,スリークロスチーム,岐阜商業高校吹奏楽部 カラーガード,岐阜商業高校吹奏楽部 カラーガード,okh51wa,2026-03-30,【東海オープン】2026 MIX3™️ / スリークロス 東海オープン｜2026/3/29,https://www.youtube.com/watch?v=HGv6UUHRHtY&t=10600s,マーチング祭,https://www.youtube.com/channel/UC4k9RWxkryjqTtQwkEo07Bg,
ライブ（チャプター）,スリークロスチーム,かかみの⾳楽フォレスト さくらマーチングバンド カラーガード,かかみの⾳楽フォレスト さくらマーチングバンド カラーガード,o1i9kvli,2026-03-30,【東海オープン】2026 MIX3™️ / スリークロス 東海オープン｜2026/3/29,https://www.youtube.com/watch?v=HGv6UUHRHtY&t=10233s,マーチング祭,https://www.youtube.com/channel/UC4k9RWxkryjqTtQwkEo07Bg,
動画,スリークロスチーム,東海オープン,,ohnjep0,2026-03-30,【東海オープン】2026 MIX3™️ / スリークロス 東海オープン｜2026/3/29,https://www.youtube.com/watch?v=HGv6UUHRHtY,マーチング祭,https://www.youtube.com/channel/UC4k9RWxkryjqTtQwkEo07Bg,
動画,スリークロスチーム,Via Jr.  〜チームZoo〜,Via Jr. 〜チームZoo〜,o13etcj5,2026-03-25,【Via Jr.  〜チームZoo〜】2026スリークロス Div.1  【Director's Cut】,https://www.youtube.com/watch?v=_gZMLqdQjXw,マーチング祭,https://www.youtube.com/@marching-matsuri,
動画,スリークロスチーム,Revolt colorguard,Revolt colorguard,o17p2726,2026-03-25,【Revolt colorguard】2026スリークロス Div.1  【Winners' Show】,https://www.youtube.com/watch?v=Y98zO0VQJ4g,マーチング祭,https://www.youtube.com/@marching-matsuri,
動画,スリークロスチーム,Via Colorguard Jr.,Via Colorguard Jr.,o99e70i,2026-03-25,【Via Colorguard Jr.】2026スリークロス Div.1  【Winners' Show】,https://www.youtube.com/watch?v=WW-NPKs4ySs,マーチング祭,https://www.youtube.com/@marching-matsuri,
動画,スリークロスチーム,星野学園中学・星野高校吹奏楽部マーチングバンド,星野学園中学・星野高校吹奏楽部マーチングバンド,o1c3yu9e,2026-03-25,【星野学園中学・星野高校吹奏楽部マーチングバンド】2026スリークロス Div.1  【Director's Cut】,https://www.youtube.com/watch?v=U4DFkvRpbao,マーチング祭,https://www.youtube.com/@marching-matsuri,
動画,スリークロスチーム,15ichie (一期一会),15ichie (一期一会),oyjbxm6,2026-03-25,【15ichie (一期一会)】2026スリークロス Div.1  【Winners' Show】,https://www.youtube.com/watch?v=QKchouWQP78,マーチング祭,https://www.youtube.com/@marching-matsuri,
動画,スリークロスチーム,Color guard team GROWTH,Color guard team GROWTH,o1tlrezu,2026-03-25,【Color guard team GROWTH】2026スリークロス Div.1  【Director's Cut】,https://www.youtube.com/watch?v=H7dgSXBOge0,マーチング祭,https://www.youtube.com/@marching-matsuri,
動画,スリークロスチーム,関東学院マーチングバンドWinds,関東学院マーチングバンド Winds,o1xpc2nw,2026-03-25,【関東学院マーチングバンドWinds】2026スリークロス Div.1  【High Quality】,https://www.youtube.com/watch?v=BMUwfukyJEk,マーチング祭,https://www.youtube.com/@marching-matsuri,
動画,スリークロスチーム,Via Jr.  〜チーム⾰命〜,Via Jr. 〜チーム⾰命〜,onyud4q,2026-03-22,【Via Jr.  〜チーム⾰命〜】2026スリークロス Div.1  【Director's Cut】,https://www.youtube.com/watch?v=UKwEh8eRHOs,マーチング祭,https://www.youtube.com/@marching-matsuri,
ライブ（チャプター）,スリークロスチーム,かかみの音楽フォレストさくらマーチングバンド,かかみの音楽フォレストさくらマーチングバンド,o14j7q53,2026-03-22,【滋賀オープン】2026 MIX3™️ / スリークロス 滋賀オープン｜2026/3/22,https://www.youtube.com/watch?v=DhTjBRsjxwk&t=7993s,マーチング祭,https://www.youtube.com/@marching-matsuri,
ライブ（チャプター）,スリークロスチーム,岐阜商業高校吹奏楽部 カラーガード,岐阜商業高校吹奏楽部 カラーガード,o1bwk46x,2026-03-22,【滋賀オープン】2026 MIX3™️ / スリークロス 滋賀オープン｜2026/3/22,https://www.youtube.com/watch?v=DhTjBRsjxwk&t=7289s,マーチング祭,https://www.youtube.com/@marching-matsuri,
ライブ（チャプター）,スリークロスチーム,岐⾩ジュニアマーチングバンド The Diamind,岐⾩ジュニアマーチングバンド The Diamind,o1m2wx52,2026-03-22,【滋賀オープン】2026 MIX3™️ / スリークロス 滋賀オープン｜2026/3/22,https://www.youtube.com/watch?v=DhTjBRsjxwk&t=6842s,マーチング祭,https://www.youtube.com/@marching-matsuri,
ライブ（チャプター）,スリークロスチーム,岐阜商業高校吹奏楽部 カラーガード,岐阜商業高校吹奏楽部 カラーガード,o1bwk46x,2026-03-22,【滋賀オープン】2026 MIX3™️ / スリークロス 滋賀オープン｜2026/3/22,https://www.youtube.com/watch?v=DhTjBRsjxwk&t=4348s,マーチング祭,https://www.youtube.com/@marching-matsuri,
ライブ（チャプター）,スリークロスチーム,かかみの音楽フォレストさくらマーチングバンド,かかみの音楽フォレストさくらマーチングバンド,o14j7q53,2026-03-22,【滋賀オープン】2026 MIX3™️ / スリークロス 滋賀オープン｜2026/3/22,https://www.youtube.com/watch?v=DhTjBRsjxwk&t=3899s,マーチング祭,https://www.youtube.com/@marching-matsuri,
ライブ（チャプター）,スリークロスチーム,岐⾩ジュニアマーチングバンド The Diamind,岐⾩ジュニアマーチングバンド The Diamind,o1m2wx52,2026-03-22,【滋賀オープン】2026 MIX3™️ / スリークロス 滋賀オープン｜2026/3/22,https://www.youtube.com/watch?v=DhTjBRsjxwk&t=3566s,マーチング祭,https://www.youtube.com/@marching-matsuri,
動画,スリークロスチーム,橋本 希愛,橋本 希愛,oei52wo,2026-03-22,【橋本 希愛】2026スリークロス Div.1  【Director's Cut】,https://www.youtube.com/watch?v=-KwTm_oLMkw,マーチング祭,https://www.youtube.com/@marching-matsuri,
動画,スリークロスチーム,関東学院マーチングバンド Winds,関東学院マーチングバンド Winds,o1xpc2nw,2026-03-21,【関東学院マーチングバンド Winds】2026スリークロス Div.1  【Winners' Show】,https://www.youtube.com/watch?v=vxOzmZV2uS4,マーチング祭,https://www.youtube.com/@marching-matsuri,
ライブ（チャプター）,スリークロスチーム,"綾北""Mercury winds""","綾北""Mercury winds""",ocfxnxr,2026-03-20,【Div.1 FINAL】2026 MIX3™️ / スリークロス Div.1 FINAL｜2026/3/20,https://www.youtube.com/watch?v=KHFhHrZL0Fs&t=6763s,マーチング祭,https://www.youtube.com/@marching-matsuri,
ライブ（チャプター）,スリークロスチーム,15ichie (一期一会),15ichie (一期一会),oyjbxm6,2026-03-20,【Div.1 FINAL】2026 MIX3™️ / スリークロス Div.1 FINAL｜2026/3/20,https://www.youtube.com/watch?v=KHFhHrZL0Fs&t=6320s,マーチング祭,https://www.youtube.com/@marching-matsuri,
ライブ（チャプター）,スリークロスチーム,Revolt colorguard,Revolt colorguard,o17p2726,2026-03-20,【Div.1 FINAL】2026 MIX3™️ / スリークロス Div.1 FINAL｜2026/3/20,https://www.youtube.com/watch?v=KHFhHrZL0Fs&t=5780s,マーチング祭,https://www.youtube.com/@marching-matsuri,
ライブ（チャプター）,スリークロスチーム,Color guard team GROWTH,Color guard team GROWTH,o1tlrezu,2026-03-20,【Div.1 FINAL】2026 MIX3™️ / スリークロス Div.1 FINAL｜2026/3/20,https://www.youtube.com/watch?v=KHFhHrZL0Fs&t=5271s,マーチング祭,https://www.youtube.com/@marching-matsuri,
ライブ（チャプター）,スリークロスチーム,Via Colorguard Jr.,Via Colorguard Jr.,o99e70i,2026-03-20,【Div.1 FINAL】2026 MIX3™️ / スリークロス Div.1 FINAL｜2026/3/20,https://www.youtube.com/watch?v=KHFhHrZL0Fs&t=4858s,マーチング祭,https://www.youtube.com/@marching-matsuri,
ライブ（チャプター）,スリークロスチーム,星野学園中学・星野高校吹奏楽部マーチングバンド,星野学園中学・星野高校吹奏楽部マーチングバンド,o1c3yu9e,2026-03-20,【Div.1 FINAL】2026 MIX3™️ / スリークロス Div.1 FINAL｜2026/3/20,https://www.youtube.com/watch?v=KHFhHrZL0Fs&t=3026s,マーチング祭,https://www.youtube.com/@marching-matsuri,
ライブ（チャプター）,スリークロスチーム,関東学院マーチングバンド Winds,関東学院マーチングバンド Winds,o1xpc2nw,2026-03-20,【Div.1 FINAL】2026 MIX3™️ / スリークロス Div.1 FINAL｜2026/3/20,https://www.youtube.com/watch?v=KHFhHrZL0Fs&t=2609s,マーチング祭,https://www.youtube.com/@marching-matsuri,
ライブ（チャプター）,スリークロスチーム,Via Jr. 〜チームZoo,Via Jr. 〜チームZoo,ol8um0r,2026-03-20,【Div.1 FINAL】2026 MIX3™️ / スリークロス Div.1 FINAL｜2026/3/20,https://www.youtube.com/watch?v=KHFhHrZL0Fs&t=2263s,マーチング祭,https://www.youtube.com/@marching-matsuri,
ライブ（チャプター）,スリークロスチーム,Via Jr. 〜チーム⾰命,Via Jr. 〜チーム⾰命〜,o1axweiu,2026-03-20,【Div.1 FINAL】2026 MIX3™️ / スリークロス Div.1 FINAL｜2026/3/20,https://www.youtube.com/watch?v=KHFhHrZL0Fs&t=1963s,マーチング祭,https://www.youtube.com/@marching-matsuri,
ライブ（チャプター）,スリークロスチーム,橋本 希愛,橋本 希愛,oei52wo,2026-03-20,【Div.1 FINAL】2026 MIX3™️ / スリークロス Div.1 FINAL｜2026/3/20,https://www.youtube.com/watch?v=KHFhHrZL0Fs&t=1720s,マーチング祭,https://www.youtube.com/@marching-matsuri,
ライブ（チャプター）,スリークロスチーム,マーチング祭より,,,2026-03-20,【Div.1 FINAL】2026 MIX3™️ / スリークロス Div.1 FINAL｜2026/3/20,https://www.youtube.com/watch?v=KHFhHrZL0Fs&t=12490s,マーチング祭,https://www.youtube.com/@marching-matsuri,
ライブ（チャプター）,スリークロスチーム,15ichie (一期一会) 【Winners' Show】,15ichie (一期一会),oyjbxm6,2026-03-20,【Div.1 FINAL】2026 MIX3™️ / スリークロス Div.1 FINAL｜2026/3/20,https://www.youtube.com/watch?v=KHFhHrZL0Fs&t=12150s,マーチング祭,https://www.youtube.com/@marching-matsuri,
ライブ（チャプター）,スリークロスチーム,関東学院マーチングバンド Winds 【Winners' Show】,関東学院マーチングバンド Winds,o1xpc2nw,2026-03-20,【Div.1 FINAL】2026 MIX3™️ / スリークロス Div.1 FINAL｜2026/3/20,https://www.youtube.com/watch?v=KHFhHrZL0Fs&t=11624s,マーチング祭,https://www.youtube.com/@marching-matsuri,
ライブ（チャプター）,スリークロスチーム,Revolt colorguard 【Winners' Show】,Revolt colorguard,o17p2726,2026-03-20,【Div.1 FINAL】2026 MIX3™️ / スリークロス Div.1 FINAL｜2026/3/20,https://www.youtube.com/watch?v=KHFhHrZL0Fs&t=11096s,マーチング祭,https://www.youtube.com/@marching-matsuri,
ライブ（チャプター）,スリークロスチーム,Via Colorguard Jr.【Winners' Show】,Via Colorguard Jr.,o99e70i,2026-03-20,【Div.1 FINAL】2026 MIX3™️ / スリークロス Div.1 FINAL｜2026/3/20,https://www.youtube.com/watch?v=KHFhHrZL0Fs&t=10684s,マーチング祭,https://www.youtube.com/@marching-matsuri,
動画,マーチング団体等,Spirit of Stars,Spirit of Stars,o1lw0ekj,2026-03-03,【Spirit of Stars】YOKOHAMA FINAL 2025【Director's cut】,https://www.youtube.com/watch?v=PYYkmWJh6ew,マーチング祭,https://www.youtube.com/@marching-matsuri,
動画,マーチング団体等,GENESIS,GENESIS,ooulsx2,2026-03-02,【GENESIS】YOKOHAMA FINAL 2025【Director's cut】,https://www.youtube.com/watch?v=PWQVLNR2B0U,マーチング祭,https://www.youtube.com/@marching-matsuri,
動画,マーチング団体等,DER GLANZ,DER GLANZ,o7i5jml,2026-03-02,【DER GLANZ】YOKOHAMA FINAL 2025【Director's cut】,https://www.youtube.com/watch?v=BvdQhf-yCiA,マーチング祭,https://www.youtube.com/@marching-matsuri,
動画,マーチング団体等,Yokohama INSPIRES Drum&Bugle Corps,Yokohama INSPIRES Drum&Bugle Corps,o1a32hho,2026-03-01,【Yokohama INSPIRES Drum&Bugle Corps】YOKOHAMA FINAL 2025【Director's cut】,https://www.youtube.com/watch?v=yzdTDi2ux3o,マーチング祭,https://www.youtube.com/@marching-matsuri,
動画,マーチング団体等,MARCHING BAND COURAGE,MARCHINGBAND COURAGE,olv3ivu,2026-03-01,【MARCHING BAND COURAGE】YOKOHAMA FINAL 2025【Director's cut】,https://www.youtube.com/watch?v=UriyZV8RhuA,マーチング祭,https://www.youtube.com/@marching-matsuri,
動画,マーチング団体等,THE FOCUS,THE FOCUS,o1iahfpj,2026-02-28,【THE FOCUS】YOKOHAMA FINAL 2025【Director's cut】,https://www.youtube.com/watch?v=ZXrw6ZMEtis,マーチング祭,https://www.youtube.com/@marching-matsuri,
ライブ（チャプター）,スリークロスチーム,Stellamaris Color Guard,Stellamaris Color Guard,o15y440a,2026-02-23,【和歌山】2026 MIX3™️ / スリークロス 和歌山オープン｜2026/2/23,https://www.youtube.com/watch?v=gtmKQ1CxIwk&t=8442s,マーチング祭,https://www.youtube.com/@marching-matsuri,
ライブ（チャプター）,スリークロスチーム,SWBE カラーガードパート,SWBE カラーガードパート,om3j4ql,2026-02-23,【和歌山】2026 MIX3™️ / スリークロス 和歌山オープン｜2026/2/23,https://www.youtube.com/watch?v=gtmKQ1CxIwk&t=8145s,マーチング祭,https://www.youtube.com/@marching-matsuri,
ライブ（チャプター）,スリークロスチーム,ひとでくらぶ,ひとでくらぶ,o1a019sn,2026-02-23,【和歌山】2026 MIX3™️ / スリークロス 和歌山オープン｜2026/2/23,https://www.youtube.com/watch?v=gtmKQ1CxIwk&t=7854s,マーチング祭,https://www.youtube.com/@marching-matsuri,
ライブ（チャプター）,スリークロスチーム,名探偵ヒトデ,名探偵ヒトデ,o1hygg1,2026-02-23,【和歌山】2026 MIX3™️ / スリークロス 和歌山オープン｜2026/2/23,https://www.youtube.com/watch?v=gtmKQ1CxIwk&t=7444s,マーチング祭,https://www.youtube.com/@marching-matsuri,
ライブ（チャプター）,スリークロスチーム,ぎゃんやるばい's,ぎゃんやるばい's,o18cfrfn,2026-02-23,【和歌山】2026 MIX3™️ / スリークロス 和歌山オープン｜2026/2/23,https://www.youtube.com/watch?v=gtmKQ1CxIwk&t=7152s,マーチング祭,https://www.youtube.com/@marching-matsuri,
ライブ（チャプター）,スリークロスチーム,Blue Pillars,Blue Pillars,ot596fd,2026-02-23,【和歌山】2026 MIX3™️ / スリークロス 和歌山オープン｜2026/2/23,https://www.youtube.com/watch?v=gtmKQ1CxIwk&t=6887s,マーチング祭,https://www.youtube.com/@marching-matsuri,
ライブ（チャプター）,スリークロスチーム,やまびこ探検隊,やまびこ探検隊,odtxqw,2026-02-23,【和歌山】2026 MIX3™️ / スリークロス 和歌山オープン｜2026/2/23,https://www.youtube.com/watch?v=gtmKQ1CxIwk&t=6617s,マーチング祭,https://www.youtube.com/@marching-matsuri,
ライブ（チャプター）,スリークロスチーム,V,V,o14o7r9m,2026-02-23,【和歌山】2026 MIX3™️ / スリークロス 和歌山オープン｜2026/2/23,https://www.youtube.com/watch?v=gtmKQ1CxIwk&t=6301s,マーチング祭,https://www.youtube.com/@marching-matsuri,
ライブ（チャプター）,スリークロスチーム,宇治市立槇島小学校マーチングバンド,宇治市立槇島小学校マーチングバンド,o1m5ui3y,2026-02-23,【和歌山】2026 MIX3™️ / スリークロス 和歌山オープン｜2026/2/23,https://www.youtube.com/watch?v=gtmKQ1CxIwk&t=6016s,マーチング祭,https://www.youtube.com/@marching-matsuri,
ライブ（チャプター）,スリークロスチーム,和歌山南陵高校吹奏楽部・南陵学園吹奏楽団,和歌山南陵高校吹奏楽部・南陵学園吹奏楽団,o6tfswq,2026-02-23,【和歌山】2026 MIX3™️ / スリークロス 和歌山オープン｜2026/2/23,https://www.youtube.com/watch?v=gtmKQ1CxIwk&t=4662s,マーチング祭,https://www.youtube.com/@marching-matsuri,
ライブ（チャプター）,スリークロスチーム,Poco a poco,Poco a poco,o13z7otv,2026-02-23,【和歌山】2026 MIX3™️ / スリークロス 和歌山オープン｜2026/2/23,https://www.youtube.com/watch?v=gtmKQ1CxIwk&t=4377s,マーチング祭,https://www.youtube.com/@marching-matsuri,
ライブ（チャプター）,スリークロスチーム,白浜中学校 金管打楽器8重奏,白浜中学校 金管打楽器8重奏,oouun81,2026-02-23,【和歌山】2026 MIX3™️ / スリークロス 和歌山オープン｜2026/2/23,https://www.youtube.com/watch?v=gtmKQ1CxIwk&t=3937s,マーチング祭,https://www.youtube.com/@marching-matsuri,
ライブ（チャプター）,スリークロスチーム,Div.2開始,,,2026-02-23,【和歌山】2026 MIX3™️ / スリークロス 和歌山オープン｜2026/2/23,https://www.youtube.com/watch?v=gtmKQ1CxIwk&t=3759s,マーチング祭,https://www.youtube.com/@marching-matsuri,
ライブ（チャプター）,スリークロスチーム,白浜中学校 木管三重奏 B,白浜中学校 木管三重奏 B,o4xdjvl,2026-02-23,【和歌山】2026 MIX3™️ / スリークロス 和歌山オープン｜2026/2/23,https://www.youtube.com/watch?v=gtmKQ1CxIwk&t=3443s,マーチング祭,https://www.youtube.com/@marching-matsuri,
ライブ（チャプター）,スリークロスチーム,白浜中学校 木管三重奏 A,白浜中学校 木管三重奏 A,o43eqso,2026-02-23,【和歌山】2026 MIX3™️ / スリークロス 和歌山オープン｜2026/2/23,https://www.youtube.com/watch?v=gtmKQ1CxIwk&t=3070s,マーチング祭,https://www.youtube.com/@marching-matsuri,
ライブ（チャプター）,スリークロスチーム,T&T,T&T,o1vafqpi,2026-02-23,【和歌山】2026 MIX3™️ / スリークロス 和歌山オープン｜2026/2/23,https://www.youtube.com/watch?v=gtmKQ1CxIwk&t=2742s,マーチング祭,https://www.youtube.com/@marching-matsuri,
ライブ（チャプター）,スリークロスチーム,和歌山南陵高校 西 香名子,和歌山南陵高校 西 香名子,o1wrhmzr,2026-02-23,【和歌山】2026 MIX3™️ / スリークロス 和歌山オープン｜2026/2/23,https://www.youtube.com/watch?v=gtmKQ1CxIwk&t=2450s,マーチング祭,https://www.youtube.com/@marching-matsuri,
ライブ（チャプター）,スリークロスチーム,開始&Div.3開幕,,,2026-02-23,【和歌山】2026 MIX3™️ / スリークロス 和歌山オープン｜2026/2/23,https://www.youtube.com/watch?v=gtmKQ1CxIwk&t=1711s,マーチング祭,https://www.youtube.com/@marching-matsuri,
ライブ（チャプター）,スリークロスチーム,【テタウ事業協同組合賞】Stellamaris Color Guard,Stellamaris Color Guard,o15y440a,2026-02-23,【和歌山】2026 MIX3™️ / スリークロス 和歌山オープン｜2026/2/23,https://www.youtube.com/watch?v=gtmKQ1CxIwk&t=15415s,マーチング祭,https://www.youtube.com/@marching-matsuri,
ライブ（チャプター）,スリークロスチーム,【審査員特別賞】V,V,o14o7r9m,2026-02-23,【和歌山】2026 MIX3™️ / スリークロス 和歌山オープン｜2026/2/23,https://www.youtube.com/watch?v=gtmKQ1CxIwk&t=15112s,マーチング祭,https://www.youtube.com/@marching-matsuri,
ライブ（チャプター）,スリークロスチーム,【株式会社カナセ賞】ぎゃんやるばい's,ぎゃんやるばい's,o18cfrfn,2026-02-23,【和歌山】2026 MIX3™️ / スリークロス 和歌山オープン｜2026/2/23,https://www.youtube.com/watch?v=gtmKQ1CxIwk&t=14708s,マーチング祭,https://www.youtube.com/@marching-matsuri,
ライブ（チャプター）,スリークロスチーム,フロア交流会,,,2026-02-23,【和歌山】2026 MIX3™️ / スリークロス 和歌山オープン｜2026/2/23,https://www.youtube.com/watch?v=gtmKQ1CxIwk&t=13909s,マーチング祭,https://www.youtube.com/@marching-matsuri,
ライブ（チャプター）,スリークロスチーム,現地プレゼント抽選会,,,2026-02-23,【和歌山】2026 MIX3™️ / スリークロス 和歌山オープン｜2026/2/23,https://www.youtube.com/watch?v=gtmKQ1CxIwk&t=12291s,マーチング祭,https://www.youtube.com/@marching-matsuri,
ライブ（チャプター）,スリークロスチーム,【お知らせ】奈良学園大学マーチングバンド部,,,2026-02-23,【和歌山】2026 MIX3™️ / スリークロス 和歌山オープン｜2026/2/23,https://www.youtube.com/watch?v=gtmKQ1CxIwk&t=11941s,マーチング祭,https://www.youtube.com/@marching-matsuri,
ライブ（チャプター）,スリークロスチーム,【お知らせ】南紀オレンジサンライズFC,,,2026-02-23,【和歌山】2026 MIX3™️ / スリークロス 和歌山オープン｜2026/2/23,https://www.youtube.com/watch?v=gtmKQ1CxIwk&t=11582s,マーチング祭,https://www.youtube.com/@marching-matsuri,
ライブ（チャプター）,スリークロスチーム,Starfish Band Activities,Starfish Band Activities,o1cocl6m,2026-02-23,【和歌山】2026 MIX3™️ / スリークロス 和歌山オープン｜2026/2/23,https://www.youtube.com/watch?v=gtmKQ1CxIwk&t=10926s,マーチング祭,https://www.youtube.com/@marching-matsuri,
動画,マーチング団体等,創価ルネサンスバンガード,創価ルネサンスバンガード,opatv37,2026-02-07,【創価ルネサンスバンガード】YOKOHAMA FINAL 2024 【決勝/ 】,https://www.youtube.com/watch?v=LVJoeV7WwUI,マーチング祭,https://www.youtube.com/@marching-matsuri,
動画,マーチング団体等,結果発表,,,2026-01-29,【結果発表】YOKOHAMA FINAL 2025 【表彰式】,https://www.youtube.com/watch?v=d0MfBx_5ubs,マーチング祭,https://www.youtube.com/@marching-matsuri,
動画,マーチング団体等,Yokohama INSPIRES Alumni Drum&Bugle Corps,Yokohama INSPIRES Alumni Drum&Bugle Corps,o1hw02ly,2026-01-20,【Yokohama INSPIRES Alumni Drum&Bugle Corps】YOKOHAMA FINAL 2025 【エキシビジョン】,https://www.youtube.com/watch?v=OWHAVAQ2kgw,マーチング祭,https://www.youtube.com/@marching-matsuri,
動画,マーチング団体等,Via Colorguard,Via Colorguard,o1awyam4,2026-01-09,【Via Colorguard】YOKOHAMA FINAL 2025 【エキシビジョン】,https://www.youtube.com/watch?v=7H4mU84A6sU,マーチング祭,https://www.youtube.com/@marching-matsuri,
動画,マーチング団体等,スタスピ、ありがとう。,,,2026-01-06,スタスピ、ありがとう。,https://www.youtube.com/watch?v=Ra5w7jQl4zU,マーチング祭,https://www.youtube.com/@marching-matsuri,
動画,マーチング団体等,"綾北""Mercury winds""","綾北""Mercury winds""",ocfxnxr,2026-01-06,"【綾北""Mercury winds""】YOKOHAMA FINAL 2025 【エキシビジョン】",https://www.youtube.com/watch?v=G7q-KtL-BJA,マーチング祭,https://www.youtube.com/@marching-matsuri,
動画,マーチング団体等,YOKOHAMA ROBINS,YOKOHAMA ROBINS,ovg4zxc,2026-01-05,【YOKOHAMA ROBINS】YOKOHAMA FINAL 2025 【決勝/ 】,https://www.youtube.com/watch?v=byFK70zKyj8,マーチング祭,https://www.youtube.com/@marching-matsuri,
ライブ（チャプター）,マーチング団体等,THE FOCUS,THE FOCUS,o1iahfpj,2026-01-04,【予選/Prelim】YOKOHAMA FINAL 2025｜2026/1/4(sun),https://www.youtube.com/watch?v=whXhfibAGd0&t=9872s,マーチング祭,https://www.youtube.com/@marching-matsuri,
ライブ（チャプター）,マーチング団体等,DER GLANZ,DER GLANZ,o7i5jml,2026-01-04,【予選/Prelim】YOKOHAMA FINAL 2025｜2026/1/4(sun),https://www.youtube.com/watch?v=whXhfibAGd0&t=9112s,マーチング祭,https://www.youtube.com/@marching-matsuri,
ライブ（チャプター）,マーチング団体等,MARCHING BAND COURAGE,MARCHINGBAND COURAGE,olv3ivu,2026-01-04,【予選/Prelim】YOKOHAMA FINAL 2025｜2026/1/4(sun),https://www.youtube.com/watch?v=whXhfibAGd0&t=8343s,マーチング祭,https://www.youtube.com/@marching-matsuri,
ライブ（チャプター）,マーチング団体等,Spirit of Stars,Spirit of Stars,o1lw0ekj,2026-01-04,【予選/Prelim】YOKOHAMA FINAL 2025｜2026/1/4(sun),https://www.youtube.com/watch?v=whXhfibAGd0&t=7613s,マーチング祭,https://www.youtube.com/@marching-matsuri,
ライブ（チャプター）,マーチング団体等,マーチングバンド部門開始,,,2026-01-04,【予選/Prelim】YOKOHAMA FINAL 2025｜2026/1/4(sun),https://www.youtube.com/watch?v=whXhfibAGd0&t=7368s,マーチング祭,https://www.youtube.com/@marching-matsuri,
ライブ（チャプター）,マーチング団体等,show time!,,,2026-01-04,【予選/Prelim】YOKOHAMA FINAL 2025｜2026/1/4(sun),https://www.youtube.com/watch?v=whXhfibAGd0&t=390s,マーチング祭,https://www.youtube.com/@marching-matsuri,
ライブ（チャプター）,マーチング団体等,崎市⽴東部⼩学校 ⾦管バンド,崎市⽴東部⼩学校 ⾦管バンド,oputihq,2026-01-04,【予選/Prelim】YOKOHAMA FINAL 2025｜2026/1/4(sun),https://www.youtube.com/watch?v=whXhfibAGd0&t=3607s,マーチング祭,https://www.youtube.com/@marching-matsuri,
ライブ（チャプター）,マーチング団体等,横浜市立太尾小学校マーチングバンド,横浜市立太尾小学校マーチングバンド,o43ypd5,2026-01-04,【予選/Prelim】YOKOHAMA FINAL 2025｜2026/1/4(sun),https://www.youtube.com/watch?v=whXhfibAGd0&t=3011s,マーチング祭,https://www.youtube.com/@marching-matsuri,
ライブ（チャプター）,マーチング団体等,湘南ドルフィンズ・マーチングバンド,湘南ドルフィンズ・マーチングバンド,o1nov4hn,2026-01-04,【予選/Prelim】YOKOHAMA FINAL 2025｜2026/1/4(sun),https://www.youtube.com/watch?v=whXhfibAGd0&t=2348s,マーチング祭,https://www.youtube.com/@marching-matsuri,
ライブ（チャプター）,マーチング団体等,横浜市立平安小学校マーチングバンド,横浜市立平安小学校マーチングバンド,o1j4wmu9,2026-01-04,【予選/Prelim】YOKOHAMA FINAL 2025｜2026/1/4(sun),https://www.youtube.com/watch?v=whXhfibAGd0&t=1683s,マーチング祭,https://www.youtube.com/@marching-matsuri,
ライブ（チャプター）,マーチング団体等,Via Colorguard,Via Colorguard,o1awyam4,2026-01-04,【予選/Prelim】YOKOHAMA FINAL 2025｜2026/1/4(sun),https://www.youtube.com/watch?v=whXhfibAGd0&t=12875s,マーチング祭,https://www.youtube.com/@marching-matsuri,
ライブ（チャプター）,マーチング団体等,YOKOHAMA ROBINS,YOKOHAMA ROBINS,ovg4zxc,2026-01-04,【予選/Prelim】YOKOHAMA FINAL 2025｜2026/1/4(sun),https://www.youtube.com/watch?v=whXhfibAGd0&t=12187s,マーチング祭,https://www.youtube.com/@marching-matsuri,
ライブ（チャプター）,マーチング団体等,Yokohama INSPIRES Drum&Bugle Corps,Yokohama INSPIRES Drum&Bugle Corps,o1a32hho,2026-01-04,【予選/Prelim】YOKOHAMA FINAL 2025｜2026/1/4(sun),https://www.youtube.com/watch?v=whXhfibAGd0&t=11449s,マーチング祭,https://www.youtube.com/@marching-matsuri,
ライブ（チャプター）,マーチング団体等,GENESIS,GENESIS,ooulsx2,2026-01-04,【予選/Prelim】YOKOHAMA FINAL 2025｜2026/1/4(sun),https://www.youtube.com/watch?v=whXhfibAGd0&t=10590s,マーチング祭,https://www.youtube.com/@marching-matsuri,
ライブ（チャプター）,マーチング団体等,横浜市立三保小学校ハミングバード,横浜市立三保小学校ハミングバード,o1nbghs7,2026-01-04,【予選/Prelim】YOKOHAMA FINAL 2025｜2026/1/4(sun),https://www.youtube.com/watch?v=whXhfibAGd0&t=1028s,マーチング祭,https://www.youtube.com/@marching-matsuri,
ライブ（チャプター）,マーチング団体等,GENESIS,GENESIS,ooulsx2,2026-01-04,【決勝/Final】YOKOHAMA FINAL 2025｜2026/1/4(sun),https://www.youtube.com/watch?v=cclWYT6-4-8&t=9414s,マーチング祭,https://www.youtube.com/@marching-matsuri,
ライブ（チャプター）,マーチング団体等,SHOW TIME,,,2026-01-04,【決勝/Final】YOKOHAMA FINAL 2025｜2026/1/4(sun),https://www.youtube.com/watch?v=cclWYT6-4-8&t=887s,マーチング祭,https://www.youtube.com/@marching-matsuri,
ライブ（チャプター）,マーチング団体等,THE FOCUS,THE FOCUS,o1iahfpj,2026-01-04,【決勝/Final】YOKOHAMA FINAL 2025｜2026/1/4(sun),https://www.youtube.com/watch?v=cclWYT6-4-8&t=8684s,マーチング祭,https://www.youtube.com/@marching-matsuri,
ライブ（チャプター）,マーチング団体等,MARCHING BAND COURAGE,MARCHINGBAND COURAGE,olv3ivu,2026-01-04,【決勝/Final】YOKOHAMA FINAL 2025｜2026/1/4(sun),https://www.youtube.com/watch?v=cclWYT6-4-8&t=7992s,マーチング祭,https://www.youtube.com/@marching-matsuri,
ライブ（チャプター）,マーチング団体等,DER GLANZ,DER GLANZ,o7i5jml,2026-01-04,【決勝/Final】YOKOHAMA FINAL 2025｜2026/1/4(sun),https://www.youtube.com/watch?v=cclWYT6-4-8&t=7250s,マーチング祭,https://www.youtube.com/@marching-matsuri,
ライブ（チャプター）,マーチング団体等,Spirit of Stars,Spirit of Stars,o1lw0ekj,2026-01-04,【決勝/Final】YOKOHAMA FINAL 2025｜2026/1/4(sun),https://www.youtube.com/watch?v=cclWYT6-4-8&t=6552s,マーチング祭,https://www.youtube.com/@marching-matsuri,
ライブ（チャプター）,マーチング団体等,横浜市立太尾小学校マーチングバンド,横浜市立太尾小学校マーチングバンド,o43ypd5,2026-01-04,【決勝/Final】YOKOHAMA FINAL 2025｜2026/1/4(sun),https://www.youtube.com/watch?v=cclWYT6-4-8&t=5217s,マーチング祭,https://www.youtube.com/@marching-matsuri,
ライブ（チャプター）,マーチング団体等,横浜市立平安小学校マーチングバンド,横浜市立平安小学校マーチングバンド,o1j4wmu9,2026-01-04,【決勝/Final】YOKOHAMA FINAL 2025｜2026/1/4(sun),https://www.youtube.com/watch?v=cclWYT6-4-8&t=4583s,マーチング祭,https://www.youtube.com/@marching-matsuri,
ライブ（チャプター）,マーチング団体等,湘南ドルフィンズ・マーチングバンド,湘南ドルフィンズ・マーチングバンド,o1nov4hn,2026-01-04,【決勝/Final】YOKOHAMA FINAL 2025｜2026/1/4(sun),https://www.youtube.com/watch?v=cclWYT6-4-8&t=3905s,マーチング祭,https://www.youtube.com/@marching-matsuri,
ライブ（チャプター）,マーチング団体等,崎市⽴東部⼩学校 ⾦管バンド,崎市⽴東部⼩学校 ⾦管バンド,oputihq,2026-01-04,【決勝/Final】YOKOHAMA FINAL 2025｜2026/1/4(sun),https://www.youtube.com/watch?v=cclWYT6-4-8&t=3215s,マーチング祭,https://www.youtube.com/@marching-matsuri,
ライブ（チャプター）,マーチング団体等,横浜市立三保小学校ハミングバード,横浜市立三保小学校ハミングバード,o1nbghs7,2026-01-04,【決勝/Final】YOKOHAMA FINAL 2025｜2026/1/4(sun),https://www.youtube.com/watch?v=cclWYT6-4-8&t=2577s,マーチング祭,https://www.youtube.com/@marching-matsuri,
ライブ（チャプター）,マーチング団体等,Winners' Show】YOKOHAMA ROBINS【show start,YOKOHAMA ROBINS,ovg4zxc,2026-01-04,【決勝/Final】YOKOHAMA FINAL 2025｜2026/1/4(sun),https://www.youtube.com/watch?v=cclWYT6-4-8&t=15959s,マーチング祭,https://www.youtube.com/@marching-matsuri,
ライブ（チャプター）,マーチング団体等,横浜市消防音楽隊,横浜市消防音楽隊,og3bc8w,2026-01-04,【決勝/Final】YOKOHAMA FINAL 2025｜2026/1/4(sun),https://www.youtube.com/watch?v=cclWYT6-4-8&t=1579s,マーチング祭,https://www.youtube.com/@marching-matsuri,
ライブ（チャプター）,マーチング団体等,【Winners' Show】YOKOHAMA ROBINS,YOKOHAMA ROBINS,ovg4zxc,2026-01-04,【決勝/Final】YOKOHAMA FINAL 2025｜2026/1/4(sun),https://www.youtube.com/watch?v=cclWYT6-4-8&t=15711s,マーチング祭,https://www.youtube.com/@marching-matsuri,
ライブ（チャプター）,マーチング団体等,フロア交流会,,,2026-01-04,【決勝/Final】YOKOHAMA FINAL 2025｜2026/1/4(sun),https://www.youtube.com/watch?v=cclWYT6-4-8&t=14685s,マーチング祭,https://www.youtube.com/@marching-matsuri,
ライブ（チャプター）,マーチング団体等,A Tribute to Spirit of Stars,,,2026-01-04,【決勝/Final】YOKOHAMA FINAL 2025｜2026/1/4(sun),https://www.youtube.com/watch?v=cclWYT6-4-8&t=14556s,マーチング祭,https://www.youtube.com/@marching-matsuri,
ライブ（チャプター）,マーチング団体等,順位発表,,,2026-01-04,【決勝/Final】YOKOHAMA FINAL 2025｜2026/1/4(sun),https://www.youtube.com/watch?v=cclWYT6-4-8&t=13330s,マーチング祭,https://www.youtube.com/@marching-matsuri,
ライブ（チャプター）,マーチング団体等,Yokohama INSPIRES Alumni Drum&Bugle Corps,Yokohama INSPIRES Alumni Drum&Bugle Corps,o1hw02ly,2026-01-04,【決勝/Final】YOKOHAMA FINAL 2025｜2026/1/4(sun),https://www.youtube.com/watch?v=cclWYT6-4-8&t=12276s,マーチング祭,https://www.youtube.com/@marching-matsuri,
ライブ（チャプター）,マーチング団体等,Yokohama INSPIRES Drum&Bugle Corps,Yokohama INSPIRES Drum&Bugle Corps,o1a32hho,2026-01-04,【決勝/Final】YOKOHAMA FINAL 2025｜2026/1/4(sun),https://www.youtube.com/watch?v=cclWYT6-4-8&t=10270s,マーチング祭,https://www.youtube.com/@marching-matsuri,
動画,マーチング団体等,after movie3,,,2025-12-30,【after movie3】Making of 2024 YOKOHAMA FINAL,https://www.youtube.com/watch?v=MhvRhP_U14I,マーチング祭,https://www.youtube.com/@marching-matsuri,
動画,マーチング団体等,YOKOHAMA ROBINS,YOKOHAMA ROBINS,ovg4zxc,2025-12-18,【YOKOHAMA ROBINS】YOKOHAMA FINAL 2024 Winners Show【4K HighCam】,https://www.youtube.com/watch?v=5eNg6S0ghFY,マーチング祭,https://www.youtube.com/@marching-matsuri,
動画,マーチング団体等,after movie2,,,2025-11-29,【after movie2】2024 マーチング祭 YOKOHAMA FINAL ｜after movie 2 / interviews,https://www.youtube.com/watch?v=e_dDvZJEvKg,マーチング祭,https://www.youtube.com/@marching-matsuri,
動画,マーチング団体等,袋井市⽴袋井南中学校吹奏楽部 South Dream,袋井市⽴袋井南中学校吹奏楽部 South Dream,o8jby2c,2025-11-24,【袋井市⽴袋井南中学校吹奏楽部 South Dream】2025 東海オープン,https://www.youtube.com/watch?v=YIeaKbRHirE,マーチング祭,https://www.youtube.com/@marching-matsuri,
動画,マーチング団体等,ひまわり幼稚園サンフラワードラムコー,ひまわり幼稚園サンフラワードラムコー,omcirgn,2025-11-24,【ひまわり幼稚園サンフラワードラムコー】2025 東海オープン,https://www.youtube.com/watch?v=2skqLMhiuTQ,マーチング祭,https://www.youtube.com/@marching-matsuri,
ライブ（チャプター）,マーチング団体等,Imperial Sound Drum & Bugle Corps,Imperial Sound Drum&Bugle Corps,o1o6zc1c,2025-11-24,【東海】2025 MARCHING祭  東海オープン｜2025/11/24(mon),https://www.youtube.com/watch?v=2BHNN10ipZs&t=9560s,マーチング祭,https://www.youtube.com/@marching-matsuri,
ライブ（チャプター）,マーチング団体等,吉祥院ザウルス,吉祥院ザウルス,obs26x0,2025-11-24,【東海】2025 MARCHING祭  東海オープン｜2025/11/24(mon),https://www.youtube.com/watch?v=2BHNN10ipZs&t=8858s,マーチング祭,https://www.youtube.com/@marching-matsuri,
ライブ（チャプター）,マーチング団体等,Bluujua,Bluujua,on2280k,2025-11-24,【東海】2025 MARCHING祭  東海オープン｜2025/11/24(mon),https://www.youtube.com/watch?v=2BHNN10ipZs&t=8172s,マーチング祭,https://www.youtube.com/@marching-matsuri,
ライブ（チャプター）,マーチング団体等,東邦⾼等学校マーチングバンド部,東邦⾼等学校マーチングバンド部,o1nmsml1,2025-11-24,【東海】2025 MARCHING祭  東海オープン｜2025/11/24(mon),https://www.youtube.com/watch?v=2BHNN10ipZs&t=7335s,マーチング祭,https://www.youtube.com/@marching-matsuri,
ライブ（チャプター）,マーチング団体等,鵠沼高校マーチングバンド部 AlbireoNova,鵠沼高等学校マーチングバンド部 AlbireoNova,o16mgkws,2025-11-24,【東海】2025 MARCHING祭  東海オープン｜2025/11/24(mon),https://www.youtube.com/watch?v=2BHNN10ipZs&t=6641s,マーチング祭,https://www.youtube.com/@marching-matsuri,
ライブ（チャプター）,マーチング団体等,Legend of ANGELS,Legend of ANGELS Drum&Bugle Corps,o1slw9jm,2025-11-24,【東海】2025 MARCHING祭  東海オープン｜2025/11/24(mon),https://www.youtube.com/watch?v=2BHNN10ipZs&t=6106s,マーチング祭,https://www.youtube.com/@marching-matsuri,
ライブ（チャプター）,マーチング団体等,保育園マーチングバンドブルーエンゼルス,保育園マーチングバンドブルーエンゼルス,oar5965,2025-11-24,【東海】2025 MARCHING祭  東海オープン｜2025/11/24(mon),https://www.youtube.com/watch?v=2BHNN10ipZs&t=5460s,マーチング祭,https://www.youtube.com/@marching-matsuri,
ライブ（チャプター）,マーチング団体等,袋井市⽴袋井南中学校吹奏楽部 South Dream,袋井市⽴袋井南中学校吹奏楽部 South Dream,o8jby2c,2025-11-24,【東海】2025 MARCHING祭  東海オープン｜2025/11/24(mon),https://www.youtube.com/watch?v=2BHNN10ipZs&t=3519s,マーチング祭,https://www.youtube.com/@marching-matsuri,
ライブ（チャプター）,マーチング団体等,岐⾩ジュニアマーチングバンド The Diamind,岐⾩ジュニアマーチングバンド The Diamind,o1m2wx52,2025-11-24,【東海】2025 MARCHING祭  東海オープン｜2025/11/24(mon),https://www.youtube.com/watch?v=2BHNN10ipZs&t=2974s,マーチング祭,https://www.youtube.com/@marching-matsuri,
ライブ（チャプター）,マーチング団体等,袋井南マーチングバンド South Winds,袋井南マーチングバンド South Winds,oyvus1x,2025-11-24,【東海】2025 MARCHING祭  東海オープン｜2025/11/24(mon),https://www.youtube.com/watch?v=2BHNN10ipZs&t=2390s,マーチング祭,https://www.youtube.com/@marching-matsuri,
ライブ（チャプター）,マーチング団体等,磐田Jr.マーチングバンド Blue Fairies,磐田Jr.マーチングバンド Blue Fairies,ok5oxjd,2025-11-24,【東海】2025 MARCHING祭  東海オープン｜2025/11/24(mon),https://www.youtube.com/watch?v=2BHNN10ipZs&t=1774s,マーチング祭,https://www.youtube.com/@marching-matsuri,
ライブ（チャプター）,マーチング団体等,【Winner's Show】THE FOCUS,THE FOCUS,o1iahfpj,2025-11-24,【東海】2025 MARCHING祭  東海オープン｜2025/11/24(mon),https://www.youtube.com/watch?v=2BHNN10ipZs&t=17425s,マーチング祭,https://www.youtube.com/@marching-matsuri,
ライブ（チャプター）,マーチング団体等,【Winner's Show】Tokyo Phoenix Drum&Bugle Corps,Tokyo Phoenix Drum&Bugle Corps,ofza5wl,2025-11-24,【東海】2025 MARCHING祭  東海オープン｜2025/11/24(mon),https://www.youtube.com/watch?v=2BHNN10ipZs&t=16396s,マーチング祭,https://www.youtube.com/@marching-matsuri,
ライブ（チャプター）,マーチング団体等,東海オープン開幕！,,,2025-11-24,【東海】2025 MARCHING祭  東海オープン｜2025/11/24(mon),https://www.youtube.com/watch?v=2BHNN10ipZs&t=1582s,マーチング祭,https://www.youtube.com/@marching-matsuri,
ライブ（チャプター）,マーチング団体等,フロア交流タイム,,,2025-11-24,【東海】2025 MARCHING祭  東海オープン｜2025/11/24(mon),https://www.youtube.com/watch?v=2BHNN10ipZs&t=15011s,マーチング祭,https://www.youtube.com/@marching-matsuri,
ライブ（チャプター）,マーチング団体等,プレイヤー入場,,,2025-11-24,【東海】2025 MARCHING祭  東海オープン｜2025/11/24(mon),https://www.youtube.com/watch?v=2BHNN10ipZs&t=13560s,マーチング祭,https://www.youtube.com/@marching-matsuri,
ライブ（チャプター）,マーチング団体等,THE FOCUS,THE FOCUS,o1iahfpj,2025-11-24,【東海】2025 MARCHING祭  東海オープン｜2025/11/24(mon),https://www.youtube.com/watch?v=2BHNN10ipZs&t=10897s,マーチング祭,https://www.youtube.com/@marching-matsuri,
ライブ（チャプター）,マーチング団体等,Tokyo Phoenix Drum&Bugle Corps,Tokyo Phoenix Drum&Bugle Corps,ofza5wl,2025-11-24,【東海】2025 MARCHING祭  東海オープン｜2025/11/24(mon),https://www.youtube.com/watch?v=2BHNN10ipZs&t=10257s,マーチング祭,https://www.youtube.com/@marching-matsuri,
ライブ（チャプター）,マーチング団体等,NARAGAKU Marching Band,NARAGAKU Marching Band,os4jm34,2025-11-16,【奈良】2025 MARCHING祭 ALL JAPAN CHAMPIONSHIPS奈良ショーケース,https://www.youtube.com/watch?v=dIvVZPY2y2E&t=4185s,マーチング祭,https://www.youtube.com/channel/UC4k9RWxkryjqTtQwkEo07Bg,
ライブ（チャプター）,マーチング団体等,The Radical Mercury Marching Band,The Radical Mercury Marching Band,o1xkvmcs,2025-11-16,【奈良】2025 MARCHING祭 ALL JAPAN CHAMPIONSHIPS奈良ショーケース,https://www.youtube.com/watch?v=dIvVZPY2y2E&t=380s,マーチング祭,https://www.youtube.com/channel/UC4k9RWxkryjqTtQwkEo07Bg,
ライブ（チャプター）,マーチング団体等,THE FOCUS,THE FOCUS,o1iahfpj,2025-11-16,【奈良】2025 MARCHING祭 ALL JAPAN CHAMPIONSHIPS奈良ショーケース,https://www.youtube.com/watch?v=dIvVZPY2y2E&t=3274s,マーチング祭,https://www.youtube.com/channel/UC4k9RWxkryjqTtQwkEo07Bg,
ライブ（チャプター）,マーチング団体等,NARAGAKU Marching Band,NARAGAKU Marching Band,os4jm34,2025-11-16,【奈良】2025 MARCHING祭 ALL JAPAN CHAMPIONSHIPS奈良ショーケース,https://www.youtube.com/watch?v=dIvVZPY2y2E&t=1830s,マーチング祭,https://www.youtube.com/channel/UC4k9RWxkryjqTtQwkEo07Bg,
ライブ（チャプター）,マーチング団体等,THE FOCUS,THE FOCUS,o1iahfpj,2025-11-16,【奈良】2025 MARCHING祭 ALL JAPAN CHAMPIONSHIPS奈良ショーケース,https://www.youtube.com/watch?v=dIvVZPY2y2E&t=1086s,マーチング祭,https://www.youtube.com/channel/UC4k9RWxkryjqTtQwkEo07Bg,
ライブ（チャプター）,マーチング団体等,横浜市立西谷中学校マーチングバンド部 Splash Hearts,横浜市立西谷中学校マーチングバンド部 Splash Hearts,o132xu6b,2025-09-27,【湘南藤沢】2025 MARCHING祭  湘南藤沢オープン｜2025/9/27(sat),https://www.youtube.com/watch?v=_uvfuu6QnzY&t=9939s,マーチング祭,https://www.youtube.com/@marching-matsuri,
ライブ（チャプター）,マーチング団体等,座間Marching Band to INFINITY,座間Marching Band to INFINITY,o17tqgyh,2025-09-27,【湘南藤沢】2025 MARCHING祭  湘南藤沢オープン｜2025/9/27(sat),https://www.youtube.com/watch?v=_uvfuu6QnzY&t=9412s,マーチング祭,https://www.youtube.com/@marching-matsuri,
ライブ（チャプター）,マーチング団体等,湘南ドルフィンズ・マーチングバンド,湘南ドルフィンズ・マーチングバンド,o1nov4hn,2025-09-27,【湘南藤沢】2025 MARCHING祭  湘南藤沢オープン｜2025/9/27(sat),https://www.youtube.com/watch?v=_uvfuu6QnzY&t=8929s,マーチング祭,https://www.youtube.com/@marching-matsuri,
ライブ（チャプター）,マーチング団体等,横浜市立太尾小学校マーチングバンド,横浜市立太尾小学校マーチングバンド,o43ypd5,2025-09-27,【湘南藤沢】2025 MARCHING祭  湘南藤沢オープン｜2025/9/27(sat),https://www.youtube.com/watch?v=_uvfuu6QnzY&t=8405s,マーチング祭,https://www.youtube.com/@marching-matsuri,
ライブ（チャプター）,マーチング団体等,横浜市⽴菊名⼩学校マーチングバンド,横浜市⽴菊名⼩学校マーチングバンド,o9ik4dj,2025-09-27,【湘南藤沢】2025 MARCHING祭  湘南藤沢オープン｜2025/9/27(sat),https://www.youtube.com/watch?v=_uvfuu6QnzY&t=7831s,マーチング祭,https://www.youtube.com/@marching-matsuri,
ライブ（チャプター）,マーチング団体等,Via Colorguard Jr.,Via Colorguard Jr.,o99e70i,2025-09-27,【湘南藤沢】2025 MARCHING祭  湘南藤沢オープン｜2025/9/27(sat),https://www.youtube.com/watch?v=_uvfuu6QnzY&t=7320s,マーチング祭,https://www.youtube.com/@marching-matsuri,
ライブ（チャプター）,マーチング団体等,横浜市立平安小学校マーチングバンド,横浜市立平安小学校マーチングバンド,o1j4wmu9,2025-09-27,【湘南藤沢】2025 MARCHING祭  湘南藤沢オープン｜2025/9/27(sat),https://www.youtube.com/watch?v=_uvfuu6QnzY&t=6602s,マーチング祭,https://www.youtube.com/@marching-matsuri,
ライブ（チャプター）,マーチング団体等,横浜中田ジュニアマーチングバンド,横浜中田ジュニアマーチングバンド,ossiiwr,2025-09-27,【湘南藤沢】2025 MARCHING祭  湘南藤沢オープン｜2025/9/27(sat),https://www.youtube.com/watch?v=_uvfuu6QnzY&t=6124s,マーチング祭,https://www.youtube.com/@marching-matsuri,
ライブ（チャプター）,マーチング団体等,横浜市⽴下野庭⼩学校マーチングバンド,横浜市立下野庭小学校マーチングバンド,o1645od7,2025-09-27,【湘南藤沢】2025 MARCHING祭  湘南藤沢オープン｜2025/9/27(sat),https://www.youtube.com/watch?v=_uvfuu6QnzY&t=5624s,マーチング祭,https://www.youtube.com/@marching-matsuri,
ライブ（チャプター）,マーチング団体等,横浜市ジュニアマーチングバンドBayWind,横浜市ジュニアマーチングバンドBayWind,o1d3q5pq,2025-09-27,【湘南藤沢】2025 MARCHING祭  湘南藤沢オープン｜2025/9/27(sat),https://www.youtube.com/watch?v=_uvfuu6QnzY&t=5122s,マーチング祭,https://www.youtube.com/@marching-matsuri,
ライブ（チャプター）,マーチング団体等,横浜市立三保小学校ハミングバード,横浜市立三保小学校ハミングバード,o1nbghs7,2025-09-27,【湘南藤沢】2025 MARCHING祭  湘南藤沢オープン｜2025/9/27(sat),https://www.youtube.com/watch?v=_uvfuu6QnzY&t=4592s,マーチング祭,https://www.youtube.com/@marching-matsuri,
ライブ（チャプター）,マーチング団体等,ELF Education The Arts,ELF Education The Arts,o1anp8ta,2025-09-27,【湘南藤沢】2025 MARCHING祭  湘南藤沢オープン｜2025/9/27(sat),https://www.youtube.com/watch?v=_uvfuu6QnzY&t=3885s,マーチング祭,https://www.youtube.com/@marching-matsuri,
ライブ（チャプター）,マーチング団体等,THE 永野 STARS,THE 永野 STARS,o1o6klx2,2025-09-27,【湘南藤沢】2025 MARCHING祭  湘南藤沢オープン｜2025/9/27(sat),https://www.youtube.com/watch?v=_uvfuu6QnzY&t=3558s,マーチング祭,https://www.youtube.com/@marching-matsuri,
ライブ（チャプター）,マーチング団体等,【Winners's Show】湘南台高校吹奏楽部 White Shooting Stars,神奈川県立湘南台高等学校吹奏楽部 White Shooting Stars,o1k1vb1f,2025-09-27,【湘南藤沢】2025 MARCHING祭  湘南藤沢オープン｜2025/9/27(sat),https://www.youtube.com/watch?v=_uvfuu6QnzY&t=23762s,マーチング祭,https://www.youtube.com/@marching-matsuri,
ライブ（チャプター）,マーチング団体等,【Winners's Show】Yokohama INSPIRES Drum&Bugle Corps,Yokohama INSPIRES Drum&Bugle Corps,o1a32hho,2025-09-27,【湘南藤沢】2025 MARCHING祭  湘南藤沢オープン｜2025/9/27(sat),https://www.youtube.com/watch?v=_uvfuu6QnzY&t=22757s,マーチング祭,https://www.youtube.com/@marching-matsuri,
ライブ（チャプター）,マーチング団体等,フロア交流会,,,2025-09-27,【湘南藤沢】2025 MARCHING祭  湘南藤沢オープン｜2025/9/27(sat),https://www.youtube.com/watch?v=_uvfuu6QnzY&t=21489s,マーチング祭,https://www.youtube.com/@marching-matsuri,
ライブ（チャプター）,マーチング団体等,入場,,,2025-09-27,【湘南藤沢】2025 MARCHING祭  湘南藤沢オープン｜2025/9/27(sat),https://www.youtube.com/watch?v=_uvfuu6QnzY&t=19678s,マーチング祭,https://www.youtube.com/@marching-matsuri,
ライブ（チャプター）,マーチング団体等,allure × instant corps,allure × instant corps,o102ikty,2025-09-27,【湘南藤沢】2025 MARCHING祭  湘南藤沢オープン｜2025/9/27(sat),https://www.youtube.com/watch?v=_uvfuu6QnzY&t=18371s,マーチング祭,https://www.youtube.com/@marching-matsuri,
ライブ（チャプター）,マーチング団体等,Yokohama INSPIRES Alumni Drum&Bugle Corps,Yokohama INSPIRES Alumni Drum&Bugle Corps,o1hw02ly,2025-09-27,【湘南藤沢】2025 MARCHING祭  湘南藤沢オープン｜2025/9/27(sat),https://www.youtube.com/watch?v=_uvfuu6QnzY&t=17428s,マーチング祭,https://www.youtube.com/@marching-matsuri,
ライブ（チャプター）,マーチング団体等,Yokohama INSPIRES Drum&Bugle Corps,Yokohama INSPIRES Drum&Bugle Corps,o1a32hho,2025-09-27,【湘南藤沢】2025 MARCHING祭  湘南藤沢オープン｜2025/9/27(sat),https://www.youtube.com/watch?v=_uvfuu6QnzY&t=16603s,マーチング祭,https://www.youtube.com/@marching-matsuri,
ライブ（チャプター）,マーチング団体等,湘南台高校吹奏楽部 White Shooting Stars,神奈川県立湘南台高等学校吹奏楽部 White Shooting Stars,o1k1vb1f,2025-09-27,【湘南藤沢】2025 MARCHING祭  湘南藤沢オープン｜2025/9/27(sat),https://www.youtube.com/watch?v=_uvfuu6QnzY&t=15817s,マーチング祭,https://www.youtube.com/@marching-matsuri,
ライブ（チャプター）,マーチング団体等,MARCHING BAND COURAGE,MARCHINGBAND COURAGE,olv3ivu,2025-09-27,【湘南藤沢】2025 MARCHING祭  湘南藤沢オープン｜2025/9/27(sat),https://www.youtube.com/watch?v=_uvfuu6QnzY&t=15088s,マーチング祭,https://www.youtube.com/@marching-matsuri,
ライブ（チャプター）,マーチング団体等,千葉敬愛高校マーチングバンド Graceful Spirit,千葉敬愛高等学校マーチングバンドGraceful Spirit,okwuub3,2025-09-27,【湘南藤沢】2025 MARCHING祭  湘南藤沢オープン｜2025/9/27(sat),https://www.youtube.com/watch?v=_uvfuu6QnzY&t=14495s,マーチング祭,https://www.youtube.com/@marching-matsuri,
ライブ（チャプター）,マーチング団体等,鵠沼高校マーチングバンド部 AlbireoNova,鵠沼高等学校マーチングバンド部 AlbireoNova,o16mgkws,2025-09-27,【湘南藤沢】2025 MARCHING祭  湘南藤沢オープン｜2025/9/27(sat),https://www.youtube.com/watch?v=_uvfuu6QnzY&t=13875s,マーチング祭,https://www.youtube.com/@marching-matsuri,
ライブ（チャプター）,マーチング団体等,THE FOCUS,THE FOCUS,o1iahfpj,2025-09-27,【湘南藤沢】2025 MARCHING祭  湘南藤沢オープン｜2025/9/27(sat),https://www.youtube.com/watch?v=_uvfuu6QnzY&t=13262s,マーチング祭,https://www.youtube.com/@marching-matsuri,
ライブ（チャプター）,マーチング団体等,Spirit of Stars,Spirit of Stars,o1lw0ekj,2025-09-27,【湘南藤沢】2025 MARCHING祭  湘南藤沢オープン｜2025/9/27(sat),https://www.youtube.com/watch?v=_uvfuu6QnzY&t=12723s,マーチング祭,https://www.youtube.com/@marching-matsuri,
ライブ（チャプター）,マーチング団体等,Revolt colorguard,Revolt colorguard,o17p2726,2025-09-27,【湘南藤沢】2025 MARCHING祭  湘南藤沢オープン｜2025/9/27(sat),https://www.youtube.com/watch?v=_uvfuu6QnzY&t=11051s,マーチング祭,https://www.youtube.com/@marching-matsuri,
ライブ（チャプター）,マーチング団体等,"綾北""Mercury winds""","綾北""Mercury winds""",ocfxnxr,2025-09-27,【湘南藤沢】2025 MARCHING祭  湘南藤沢オープン｜2025/9/27(sat),https://www.youtube.com/watch?v=_uvfuu6QnzY&t=10449s,マーチング祭,https://www.youtube.com/@marching-matsuri,
動画,マーチング団体等,allure,allure,o12tkphz,2025-06-09,"【allure】""Я I И N Ǝ"" ~ 巡る輪廻と運命の導き~【Remastered Edition 】",https://www.youtube.com/watch?v=KjaBhKjVAZI,マーチング祭,https://www.youtube.com/@marching-matsuri,
動画,マーチング団体等,Keys,"""Keys""",o1stc8b4,2025-06-08,【Keys】まざる【Remastered Edition 】,https://www.youtube.com/watch?v=8UWwILUn3OU,マーチング祭,https://www.youtube.com/@marching-matsuri,
動画,マーチング団体等,インスタントコー,インスタントコー,o1yudlqd,2025-06-02,【インスタントコー】Blooming Girl【Remastered Edition 】,https://www.youtube.com/watch?v=yWmy5tmG6no,マーチング祭,https://www.youtube.com/@marching-matsuri,
動画,スリークロスチーム,IK ALUMNI CGT,IK ALUMNI CGT,o109egaw,2025-05-06,【IK ALUMNI CGT】daring〜愛しい自分へ〜🏆スリークロス2025 【Div.3 Winners' Show】,https://www.youtube.com/watch?v=ygSrJCwF3rk,マーチング祭,https://www.youtube.com/@marching-matsuri,
動画,マーチング団体等,after movie,,,2025-05-06,【after movie】2024 マーチング祭 YOKOHAMA FINAL ｜after movie 1,https://www.youtube.com/watch?v=kjNNpysWdYk,マーチング祭,https://www.youtube.com/@marching-matsuri,
動画,スリークロスチーム,Keys,"""Keys""",o1stc8b4,2025-05-06,【Keys】まざる🏆スリークロス2025 【Div.2 Winners' Show】,https://www.youtube.com/watch?v=hAHb8a_Pej0,マーチング祭,https://www.youtube.com/@marching-matsuri,
動画,スリークロスチーム,miyumo,miyumo,osqgkhg,2025-05-05,【miyumo】妖狐物語🏆スリークロス2025 【審査員特別賞受賞】,https://www.youtube.com/watch?v=xaRSNkLADIU,マーチング祭,https://www.youtube.com/@marching-matsuri,
動画,スリークロスチーム,インスタントコー,インスタントコー,o1yudlqd,2025-05-05,【インスタントコー】Blooming Girl🏆スリークロス2025 【Most Attractive賞受賞】,https://www.youtube.com/watch?v=QNcOjFIHrZk,マーチング祭,https://www.youtube.com/@marching-matsuri,
動画,スリークロスチーム,,,,2025-05-05,高画質版【FINAL】2025 MIX3™️ / スリークロス,https://www.youtube.com/watch?v=NgWdMbV6l7o,マーチング祭,https://www.youtube.com/@marching-matsuri,
ライブ（チャプター）,スリークロスチーム,横浜隼人中学・高等学校チアダンス部 Falcons☆,横浜隼人中学・高等学校チアダンス部 Falcons☆,om9u9k3,2025-05-04,【FINAL】2025 MIX3™️ / スリークロス FINAL【👉高画質版は概要欄から】,https://www.youtube.com/watch?v=S-fuV_oN1EQ&t=9704s,マーチング祭,https://www.youtube.com/@marching-matsuri,
ライブ（チャプター）,スリークロスチーム,Special Performanceについて,,,2025-05-04,【FINAL】2025 MIX3™️ / スリークロス FINAL【👉高画質版は概要欄から】,https://www.youtube.com/watch?v=S-fuV_oN1EQ&t=9676s,マーチング祭,https://www.youtube.com/@marching-matsuri,
ライブ（チャプター）,スリークロスチーム,allure,allure,o12tkphz,2025-05-04,【FINAL】2025 MIX3™️ / スリークロス FINAL【👉高画質版は概要欄から】,https://www.youtube.com/watch?v=S-fuV_oN1EQ&t=8584s,マーチング祭,https://www.youtube.com/@marching-matsuri,
ライブ（チャプター）,スリークロスチーム,Keys,"""Keys""",o1stc8b4,2025-05-04,【FINAL】2025 MIX3™️ / スリークロス FINAL【👉高画質版は概要欄から】,https://www.youtube.com/watch?v=S-fuV_oN1EQ&t=8129s,マーチング祭,https://www.youtube.com/@marching-matsuri,
ライブ（チャプター）,スリークロスチーム,インスタントコー,インスタントコー,o1yudlqd,2025-05-04,【FINAL】2025 MIX3™️ / スリークロス FINAL【👉高画質版は概要欄から】,https://www.youtube.com/watch?v=S-fuV_oN1EQ&t=7684s,マーチング祭,https://www.youtube.com/@marching-matsuri,
ライブ（チャプター）,スリークロスチーム,Guard Team Unity,Guard Team Unity,oxevvw7,2025-05-04,【FINAL】2025 MIX3™️ / スリークロス FINAL【👉高画質版は概要欄から】,https://www.youtube.com/watch?v=S-fuV_oN1EQ&t=7188s,マーチング祭,https://www.youtube.com/@marching-matsuri,
ライブ（チャプター）,スリークロスチーム,Familia,Familia,oczlozf,2025-05-04,【FINAL】2025 MIX3™️ / スリークロス FINAL【👉高画質版は概要欄から】,https://www.youtube.com/watch?v=S-fuV_oN1EQ&t=6843s,マーチング祭,https://www.youtube.com/@marching-matsuri,
ライブ（チャプター）,スリークロスチーム,全⽇本打楽器同好会,全日本打楽器同好会,o1klfddk,2025-05-04,【FINAL】2025 MIX3™️ / スリークロス FINAL【👉高画質版は概要欄から】,https://www.youtube.com/watch?v=S-fuV_oN1EQ&t=6352s,マーチング祭,https://www.youtube.com/@marching-matsuri,
ライブ（チャプター）,スリークロスチーム,DIV.2開始,,,2025-05-04,【FINAL】2025 MIX3™️ / スリークロス FINAL【👉高画質版は概要欄から】,https://www.youtube.com/watch?v=S-fuV_oN1EQ&t=6215s,マーチング祭,https://www.youtube.com/@marching-matsuri,
ライブ（チャプター）,スリークロスチーム,Luminas,Luminas,ojb0qcl,2025-05-04,【FINAL】2025 MIX3™️ / スリークロス FINAL【👉高画質版は概要欄から】,https://www.youtube.com/watch?v=S-fuV_oN1EQ&t=5037s,マーチング祭,https://www.youtube.com/@marching-matsuri,
ライブ（チャプター）,スリークロスチーム,colors,colors,o1ezsv2s,2025-05-04,【FINAL】2025 MIX3™️ / スリークロス FINAL【👉高画質版は概要欄から】,https://www.youtube.com/watch?v=S-fuV_oN1EQ&t=4691s,マーチング祭,https://www.youtube.com/@marching-matsuri,
ライブ（チャプター）,スリークロスチーム,miyumo,miyumo,osqgkhg,2025-05-04,【FINAL】2025 MIX3™️ / スリークロス FINAL【👉高画質版は概要欄から】,https://www.youtube.com/watch?v=S-fuV_oN1EQ&t=4366s,マーチング祭,https://www.youtube.com/@marching-matsuri,
ライブ（チャプター）,スリークロスチーム,Splendore,Splendore,odxbtsu,2025-05-04,【FINAL】2025 MIX3™️ / スリークロス FINAL【👉高画質版は概要欄から】,https://www.youtube.com/watch?v=S-fuV_oN1EQ&t=4039s,マーチング祭,https://www.youtube.com/@marching-matsuri,
ライブ（チャプター）,スリークロスチーム,IK ALUMNI CGT,IK ALUMNI CGT,o109egaw,2025-05-04,【FINAL】2025 MIX3™️ / スリークロス FINAL【👉高画質版は概要欄から】,https://www.youtube.com/watch?v=S-fuV_oN1EQ&t=3646s,マーチング祭,https://www.youtube.com/@marching-matsuri,
ライブ（チャプター）,スリークロスチーム,KaeNana,KaeNana,obhqitf,2025-05-04,【FINAL】2025 MIX3™️ / スリークロス FINAL【👉高画質版は概要欄から】,https://www.youtube.com/watch?v=S-fuV_oN1EQ&t=3341s,マーチング祭,https://www.youtube.com/@marching-matsuri,
ライブ（チャプター）,スリークロスチーム,ゆかとしー,ゆかとしぃ,o5f2u16,2025-05-04,【FINAL】2025 MIX3™️ / スリークロス FINAL【👉高画質版は概要欄から】,https://www.youtube.com/watch?v=S-fuV_oN1EQ&t=2981s,マーチング祭,https://www.youtube.com/@marching-matsuri,
ライブ（チャプター）,スリークロスチーム,TunaRyu,TunaRyu,o1xehgoq,2025-05-04,【FINAL】2025 MIX3™️ / スリークロス FINAL【👉高画質版は概要欄から】,https://www.youtube.com/watch?v=S-fuV_oN1EQ&t=2662s,マーチング祭,https://www.youtube.com/@marching-matsuri,
ライブ（チャプター）,スリークロスチーム,パルプ・フィクション from Unity,パルプ・フィクション from Unity,o1iaowdf,2025-05-04,【FINAL】2025 MIX3™️ / スリークロス FINAL【👉高画質版は概要欄から】,https://www.youtube.com/watch?v=S-fuV_oN1EQ&t=2325s,マーチング祭,https://www.youtube.com/@marching-matsuri,
ライブ（チャプター）,スリークロスチーム,ゆうやん,ゆうやん,opy30e1,2025-05-04,【FINAL】2025 MIX3™️ / スリークロス FINAL【👉高画質版は概要欄から】,https://www.youtube.com/watch?v=S-fuV_oN1EQ&t=2051s,マーチング祭,https://www.youtube.com/@marching-matsuri,
ライブ（チャプター）,スリークロスチーム,Saya from Unity,Saya from Unity,ocp4pz3,2025-05-04,【FINAL】2025 MIX3™️ / スリークロス FINAL【👉高画質版は概要欄から】,https://www.youtube.com/watch?v=S-fuV_oN1EQ&t=1649s,マーチング祭,https://www.youtube.com/@marching-matsuri,
ライブ（チャプター）,スリークロスチーム,【Winners' Show】Keys,"""Keys""",o1stc8b4,2025-05-04,【FINAL】2025 MIX3™️ / スリークロス FINAL【👉高画質版は概要欄から】,https://www.youtube.com/watch?v=S-fuV_oN1EQ&t=13672s,マーチング祭,https://www.youtube.com/@marching-matsuri,
ライブ（チャプター）,スリークロスチーム,【Most Attractive賞】インスタントコー,インスタントコー,o1yudlqd,2025-05-04,【FINAL】2025 MIX3™️ / スリークロス FINAL【👉高画質版は概要欄から】,https://www.youtube.com/watch?v=S-fuV_oN1EQ&t=13138s,マーチング祭,https://www.youtube.com/@marching-matsuri,
ライブ（チャプター）,スリークロスチーム,【審査委員特別賞】 miyumo,miyumo,osqgkhg,2025-05-04,【FINAL】2025 MIX3™️ / スリークロス FINAL【👉高画質版は概要欄から】,https://www.youtube.com/watch?v=S-fuV_oN1EQ&t=12721s,マーチング祭,https://www.youtube.com/@marching-matsuri,
ライブ（チャプター）,スリークロスチーム,【Winners' Show】IK ALUMNI CGT,IK ALUMNI CGT,o109egaw,2025-05-04,【FINAL】2025 MIX3™️ / スリークロス FINAL【👉高画質版は概要欄から】,https://www.youtube.com/watch?v=S-fuV_oN1EQ&t=12234s,マーチング祭,https://www.youtube.com/@marching-matsuri,
ライブ（チャプター）,スリークロスチーム,開幕・ジャッジ紹介・DIV.3開始,,,2025-05-04,【FINAL】2025 MIX3™️ / スリークロス FINAL【👉高画質版は概要欄から】,https://www.youtube.com/watch?v=S-fuV_oN1EQ&t=1159s,マーチング祭,https://www.youtube.com/@marching-matsuri,
動画,マーチング団体等,15gals,15gals,o1eca2ff,2025-04-29,【15gals】Winners' Show「満ちてゆく」,https://www.youtube.com/watch?v=Iwb1k-HuMRY,マーチング祭,https://www.youtube.com/@marching-matsuri,
動画,マーチング団体等,allure,allure,o12tkphz,2025-04-27,"【allure】Winners' Show「""Я I И N Ǝ"" ~ 巡る輪廻と運命の導き~ 」",https://www.youtube.com/watch?v=HRXlqPOgDlw,マーチング祭,https://www.youtube.com/@marching-matsuri,
動画,マーチング団体等,創価ルネサンスバンガード,創価ルネサンスバンガード,opatv37,2025-04-23,【創価ルネサンスバンガード】ほぼフルver.！Desert Horizon～希望への旅路～ #マーチング祭 #マーチング#marching #ルネバン #創価ルネサンスバンガード,https://www.youtube.com/watch?v=WN34zfJnlLo,マーチング祭,https://www.youtube.com/@marching-matsuri,
ライブ（チャプター）,スリークロスチーム,【Special Performance】横浜中田ジュニアマーチングバンド,横浜中田ジュニアマーチングバンド,ossiiwr,2025-04-20,【関東】2025 MIX3™️ / スリークロス 関東CS｜2025/4/20,https://www.youtube.com/watch?v=_c3u6UvRXCg&t=9143s,マーチング祭,https://www.youtube.com/@marching-matsuri,
ライブ（チャプター）,スリークロスチーム,allure,allure,o12tkphz,2025-04-20,【関東】2025 MIX3™️ / スリークロス 関東CS｜2025/4/20,https://www.youtube.com/watch?v=_c3u6UvRXCg&t=7516s,マーチング祭,https://www.youtube.com/@marching-matsuri,
ライブ（チャプター）,スリークロスチーム,葛飾吹奏楽団マーチングバンド,葛飾吹奏楽団マーチングバンド,ooga083,2025-04-20,【関東】2025 MIX3™️ / スリークロス 関東CS｜2025/4/20,https://www.youtube.com/watch?v=_c3u6UvRXCg&t=7070s,マーチング祭,https://www.youtube.com/@marching-matsuri,
ライブ（チャプター）,スリークロスチーム,strelitzia,strelitzia,opomgtx,2025-04-20,【関東】2025 MIX3™️ / スリークロス 関東CS｜2025/4/20,https://www.youtube.com/watch?v=_c3u6UvRXCg&t=6765s,マーチング祭,https://www.youtube.com/@marching-matsuri,
ライブ（チャプター）,スリークロスチーム,浅草橋blue sky,浅草橋blue sky,o1xmjgra,2025-04-20,【関東】2025 MIX3™️ / スリークロス 関東CS｜2025/4/20,https://www.youtube.com/watch?v=_c3u6UvRXCg&t=6481s,マーチング祭,https://www.youtube.com/@marching-matsuri,
ライブ（チャプター）,スリークロスチーム,Tokyo Phoenix Color Guard,Tokyo Phoenix D&B Color Guard,o3b54rj,2025-04-20,【関東】2025 MIX3™️ / スリークロス 関東CS｜2025/4/20,https://www.youtube.com/watch?v=_c3u6UvRXCg&t=6117s,マーチング祭,https://www.youtube.com/@marching-matsuri,
ライブ（チャプター）,スリークロスチーム,【Div.2】開幕,,,2025-04-20,【関東】2025 MIX3™️ / スリークロス 関東CS｜2025/4/20,https://www.youtube.com/watch?v=_c3u6UvRXCg&t=6024s,マーチング祭,https://www.youtube.com/@marching-matsuri,
ライブ（チャプター）,スリークロスチーム,colors,colors,o1ezsv2s,2025-04-20,【関東】2025 MIX3™️ / スリークロス 関東CS｜2025/4/20,https://www.youtube.com/watch?v=_c3u6UvRXCg&t=4858s,マーチング祭,https://www.youtube.com/@marching-matsuri,
ライブ（チャプター）,スリークロスチーム,Luminas,Luminas,ojb0qcl,2025-04-20,【関東】2025 MIX3™️ / スリークロス 関東CS｜2025/4/20,https://www.youtube.com/watch?v=_c3u6UvRXCg&t=4525s,マーチング祭,https://www.youtube.com/@marching-matsuri,
ライブ（チャプター）,スリークロスチーム,準備,,,2025-04-20,【関東】2025 MIX3™️ / スリークロス 関東CS｜2025/4/20,https://www.youtube.com/watch?v=_c3u6UvRXCg&t=4315s,マーチング祭,https://www.youtube.com/@marching-matsuri,
ライブ（チャプター）,スリークロスチーム,15gals,15gals,o1eca2ff,2025-04-20,【関東】2025 MIX3™️ / スリークロス 関東CS｜2025/4/20,https://www.youtube.com/watch?v=_c3u6UvRXCg&t=3976s,マーチング祭,https://www.youtube.com/@marching-matsuri,
ライブ（チャプター）,スリークロスチーム,TP Virus,TP Virus,o1lktb69,2025-04-20,【関東】2025 MIX3™️ / スリークロス 関東CS｜2025/4/20,https://www.youtube.com/watch?v=_c3u6UvRXCg&t=3653s,マーチング祭,https://www.youtube.com/@marching-matsuri,
ライブ（チャプター）,スリークロスチーム,Splendore,Splendore,odxbtsu,2025-04-20,【関東】2025 MIX3™️ / スリークロス 関東CS｜2025/4/20,https://www.youtube.com/watch?v=_c3u6UvRXCg&t=3347s,マーチング祭,https://www.youtube.com/@marching-matsuri,
ライブ（チャプター）,スリークロスチーム,harenohi,harenohi,o12zxp6u,2025-04-20,【関東】2025 MIX3™️ / スリークロス 関東CS｜2025/4/20,https://www.youtube.com/watch?v=_c3u6UvRXCg&t=3022s,マーチング祭,https://www.youtube.com/@marching-matsuri,
ライブ（チャプター）,スリークロスチーム,IK ALUMNI CGT,IK ALUMNI CGT,o109egaw,2025-04-20,【関東】2025 MIX3™️ / スリークロス 関東CS｜2025/4/20,https://www.youtube.com/watch?v=_c3u6UvRXCg&t=2639s,マーチング祭,https://www.youtube.com/@marching-matsuri,
ライブ（チャプター）,スリークロスチーム,ダディダディ,ダディダディ,o6mntrs,2025-04-20,【関東】2025 MIX3™️ / スリークロス 関東CS｜2025/4/20,https://www.youtube.com/watch?v=_c3u6UvRXCg&t=2335s,マーチング祭,https://www.youtube.com/@marching-matsuri,
ライブ（チャプター）,スリークロスチーム,KaeNana,KaeNana,obhqitf,2025-04-20,【関東】2025 MIX3™️ / スリークロス 関東CS｜2025/4/20,https://www.youtube.com/watch?v=_c3u6UvRXCg&t=2004s,マーチング祭,https://www.youtube.com/@marching-matsuri,
ライブ（チャプター）,スリークロスチーム,【Div.3】開幕！,,,2025-04-20,【関東】2025 MIX3™️ / スリークロス 関東CS｜2025/4/20,https://www.youtube.com/watch?v=_c3u6UvRXCg&t=1694s,マーチング祭,https://www.youtube.com/@marching-matsuri,
ライブ（チャプター）,スリークロスチーム,【Div.3 Winner's Show】15gals,15gals,o1eca2ff,2025-04-20,【関東】2025 MIX3™️ / スリークロス 関東CS｜2025/4/20,https://www.youtube.com/watch?v=_c3u6UvRXCg&t=13272s,マーチング祭,https://www.youtube.com/@marching-matsuri,
ライブ（チャプター）,スリークロスチーム,【Div.2 Winner's Show】allure,allure,o12tkphz,2025-04-20,【関東】2025 MIX3™️ / スリークロス 関東CS｜2025/4/20,https://www.youtube.com/watch?v=_c3u6UvRXCg&t=12805s,マーチング祭,https://www.youtube.com/@marching-matsuri,
ライブ（チャプター）,スリークロスチーム,【Most Attractive賞】IK ALUMNI CGT,IK ALUMNI CGT,o109egaw,2025-04-20,【関東】2025 MIX3™️ / スリークロス 関東CS｜2025/4/20,https://www.youtube.com/watch?v=_c3u6UvRXCg&t=12457s,マーチング祭,https://www.youtube.com/@marching-matsuri,
ライブ（チャプター）,スリークロスチーム,【Most Attractive賞】葛飾吹奏楽団マーチングバンド,葛飾吹奏楽団マーチングバンド,ooga083,2025-04-20,【関東】2025 MIX3™️ / スリークロス 関東CS｜2025/4/20,https://www.youtube.com/watch?v=_c3u6UvRXCg&t=12050s,マーチング祭,https://www.youtube.com/@marching-matsuri,
動画,マーチング団体等,毎日更新中,,,2025-04-19,【毎日更新中】マーチング祭公認TikTok切り抜きスタート🙌,https://www.youtube.com/watch?v=wDNZisgNUQg,マーチング祭,https://www.youtube.com/@marching-matsuri,
ライブ（チャプター）,スリークロスチーム,[Intermission Performance]SENDAI Verdures,SENDAI Verdures,o126whaw,2025-04-13,【東北】2025 MIX3™️ / スリークロス 東北CS｜2025/4/13,https://www.youtube.com/watch?v=JFKvBoeKbqg&t=8970s,マーチング祭,https://www.youtube.com/@marching-matsuri,
ライブ（チャプター）,スリークロスチーム,Keys,"""Keys""",o1stc8b4,2025-04-13,【東北】2025 MIX3™️ / スリークロス 東北CS｜2025/4/13,https://www.youtube.com/watch?v=JFKvBoeKbqg&t=8276s,マーチング祭,https://www.youtube.com/@marching-matsuri,
ライブ（チャプター）,スリークロスチーム,allure,allure,o12tkphz,2025-04-13,【東北】2025 MIX3™️ / スリークロス 東北CS｜2025/4/13,https://www.youtube.com/watch?v=JFKvBoeKbqg&t=7836s,マーチング祭,https://www.youtube.com/@marching-matsuri,
ライブ（チャプター）,スリークロスチーム,under16 from Guard Team Unity,under16 from Guard Team Unity,of8l6zi,2025-04-13,【東北】2025 MIX3™️ / スリークロス 東北CS｜2025/4/13,https://www.youtube.com/watch?v=JFKvBoeKbqg&t=7377s,マーチング祭,https://www.youtube.com/@marching-matsuri,
ライブ（チャプター）,スリークロスチーム,DER GLANZ CG,DER GLANZ カラーガード,or2yky9,2025-04-13,【東北】2025 MIX3™️ / スリークロス 東北CS｜2025/4/13,https://www.youtube.com/watch?v=JFKvBoeKbqg&t=7062s,マーチング祭,https://www.youtube.com/@marching-matsuri,
ライブ（チャプター）,スリークロスチーム,over16 from Guard Team Unity,over16 from Guard Team Unity,o17f534q,2025-04-13,【東北】2025 MIX3™️ / スリークロス 東北CS｜2025/4/13,https://www.youtube.com/watch?v=JFKvBoeKbqg&t=6686s,マーチング祭,https://www.youtube.com/@marching-matsuri,
ライブ（チャプター）,スリークロスチーム,全日本打楽器同好会,全日本打楽器同好会,o1idykby,2025-04-13,【東北】2025 MIX3™️ / スリークロス 東北CS｜2025/4/13,https://www.youtube.com/watch?v=JFKvBoeKbqg&t=6246s,マーチング祭,https://www.youtube.com/@marching-matsuri,
ライブ（チャプター）,スリークロスチーム,SV Percussion,SV Percussion,o15wli76,2025-04-13,【東北】2025 MIX3™️ / スリークロス 東北CS｜2025/4/13,https://www.youtube.com/watch?v=JFKvBoeKbqg&t=5831s,マーチング祭,https://www.youtube.com/@marching-matsuri,
ライブ（チャプター）,スリークロスチーム,[Div.2]開幕！,,,2025-04-13,【東北】2025 MIX3™️ / スリークロス 東北CS｜2025/4/13,https://www.youtube.com/watch?v=JFKvBoeKbqg&t=5693s,マーチング祭,https://www.youtube.com/@marching-matsuri,
ライブ（チャプター）,スリークロスチーム,TMECG,TMECG,o18pr6tg,2025-04-13,【東北】2025 MIX3™️ / スリークロス 東北CS｜2025/4/13,https://www.youtube.com/watch?v=JFKvBoeKbqg&t=4428s,マーチング祭,https://www.youtube.com/@marching-matsuri,
ライブ（チャプター）,スリークロスチーム,miyumo,miyumo,osqgkhg,2025-04-13,【東北】2025 MIX3™️ / スリークロス 東北CS｜2025/4/13,https://www.youtube.com/watch?v=JFKvBoeKbqg&t=4097s,マーチング祭,https://www.youtube.com/@marching-matsuri,
ライブ（チャプター）,スリークロスチーム,杏夏,杏夏,o1ql0qdq,2025-04-13,【東北】2025 MIX3™️ / スリークロス 東北CS｜2025/4/13,https://www.youtube.com/watch?v=JFKvBoeKbqg&t=3706s,マーチング祭,https://www.youtube.com/@marching-matsuri,
ライブ（チャプター）,スリークロスチーム,ゆかとしぃ,ゆかとしぃ,o1en7uhv,2025-04-13,【東北】2025 MIX3™️ / スリークロス 東北CS｜2025/4/13,https://www.youtube.com/watch?v=JFKvBoeKbqg&t=3320s,マーチング祭,https://www.youtube.com/@marching-matsuri,
ライブ（チャプター）,スリークロスチーム,Saya,Saya,otj0rq6,2025-04-13,【東北】2025 MIX3™️ / スリークロス 東北CS｜2025/4/13,https://www.youtube.com/watch?v=JFKvBoeKbqg&t=2887s,マーチング祭,https://www.youtube.com/@marching-matsuri,
ライブ（チャプター）,スリークロスチーム,パルプ・フィクション from Guard Team Unity,パルプ・フィクション from Unity,o1qjacjt,2025-04-13,【東北】2025 MIX3™️ / スリークロス 東北CS｜2025/4/13,https://www.youtube.com/watch?v=JFKvBoeKbqg&t=2549s,マーチング祭,https://www.youtube.com/@marching-matsuri,
ライブ（チャプター）,スリークロスチーム,チームわだ,チームわだ,offgjg0,2025-04-13,【東北】2025 MIX3™️ / スリークロス 東北CS｜2025/4/13,https://www.youtube.com/watch?v=JFKvBoeKbqg&t=2170s,マーチング祭,https://www.youtube.com/@marching-matsuri,
ライブ（チャプター）,スリークロスチーム,2025MIX3東北CS開幕！[Div.3],,,2025-04-13,【東北】2025 MIX3™️ / スリークロス 東北CS｜2025/4/13,https://www.youtube.com/watch?v=JFKvBoeKbqg&t=1661s,マーチング祭,https://www.youtube.com/@marching-matsuri,
ライブ（チャプター）,スリークロスチーム,[WINNERS SHOW:Div.2] Keys,"""Keys""",o1stc8b4,2025-04-13,【東北】2025 MIX3™️ / スリークロス 東北CS｜2025/4/13,https://www.youtube.com/watch?v=JFKvBoeKbqg&t=13654s,マーチング祭,https://www.youtube.com/@marching-matsuri,
ライブ（チャプター）,スリークロスチーム,[審査員特別賞] 全日本打楽器同好会,全日本打楽器同好会,o1idykby,2025-04-13,【東北】2025 MIX3™️ / スリークロス 東北CS｜2025/4/13,https://www.youtube.com/watch?v=JFKvBoeKbqg&t=12935s,マーチング祭,https://www.youtube.com/@marching-matsuri,
ライブ（チャプター）,スリークロスチーム,[MOST ATTRACTIVE SHOW] under16 from Guard Team Unity,under16 from Guard Team Unity,of8l6zi,2025-04-13,【東北】2025 MIX3™️ / スリークロス 東北CS｜2025/4/13,https://www.youtube.com/watch?v=JFKvBoeKbqg&t=12491s,マーチング祭,https://www.youtube.com/@marching-matsuri,
ライブ（チャプター）,スリークロスチーム,THE FOCUS,THE FOCUS,o1iahfpj,2025-03-23,【東海】2025 MIX3™️ / スリークロス 東海CS｜2025/3/23,https://www.youtube.com/watch?v=axgN3fjNeu0&t=8948s,マーチング祭,https://www.youtube.com/@marching-matsuri,
ライブ（チャプター）,スリークロスチーム,Special Performance,,o16vz17l,2025-03-23,【東海】2025 MIX3™️ / スリークロス 東海CS｜2025/3/23,https://www.youtube.com/watch?v=axgN3fjNeu0&t=8800s,マーチング祭,https://www.youtube.com/@marching-matsuri,
ライブ（チャプター）,スリークロスチーム,THE FOCUS color guard,THE FOCUS color guard,o1tn3crh,2025-03-23,【東海】2025 MIX3™️ / スリークロス 東海CS｜2025/3/23,https://www.youtube.com/watch?v=axgN3fjNeu0&t=7483s,マーチング祭,https://www.youtube.com/@marching-matsuri,
ライブ（チャプター）,スリークロスチーム,[Div.1]かかみの音楽フォレストさくらマーチングバンド チームブラス,かかみの音楽フォレストさくらマーチングバンド チームブラス,o127xc9k,2025-03-23,【東海】2025 MIX3™️ / スリークロス 東海CS｜2025/3/23,https://www.youtube.com/watch?v=axgN3fjNeu0&t=7108s,マーチング祭,https://www.youtube.com/@marching-matsuri,
ライブ（チャプター）,スリークロスチーム,[スリークロスキッズ]かかみの音楽フォレストさくらマーチングバンド ガードチームcherry,かかみの音楽フォレストさくらマーチングバンド ガードチームcherry,o1t16102,2025-03-23,【東海】2025 MIX3™️ / スリークロス 東海CS｜2025/3/23,https://www.youtube.com/watch?v=axgN3fjNeu0&t=6750s,マーチング祭,https://www.youtube.com/@marching-matsuri,
ライブ（チャプター）,スリークロスチーム,allure,allure,o12tkphz,2025-03-23,【東海】2025 MIX3™️ / スリークロス 東海CS｜2025/3/23,https://www.youtube.com/watch?v=axgN3fjNeu0&t=6398s,マーチング祭,https://www.youtube.com/@marching-matsuri,
ライブ（チャプター）,スリークロスチーム,TT,TT,o12zd8ls,2025-03-23,【東海】2025 MIX3™️ / スリークロス 東海CS｜2025/3/23,https://www.youtube.com/watch?v=axgN3fjNeu0&t=5951s,マーチング祭,https://www.youtube.com/@marching-matsuri,
ライブ（チャプター）,スリークロスチーム,THE FOCUS Bass drum ensemble,THE FOCUS Bass drum ensemble,o1xs0xbl,2025-03-23,【東海】2025 MIX3™️ / スリークロス 東海CS｜2025/3/23,https://www.youtube.com/watch?v=axgN3fjNeu0&t=5581s,マーチング祭,https://www.youtube.com/@marching-matsuri,
ライブ（チャプター）,スリークロスチーム,Lien,Lien,ojyc2c0,2025-03-23,【東海】2025 MIX3™️ / スリークロス 東海CS｜2025/3/23,https://www.youtube.com/watch?v=axgN3fjNeu0&t=5263s,マーチング祭,https://www.youtube.com/@marching-matsuri,
ライブ（チャプター）,スリークロスチーム,各務野さくらマーチングバンド カラーガード,各務野さくらマーチングバンド カラーガード,oiafs27,2025-03-23,【東海】2025 MIX3™️ / スリークロス 東海CS｜2025/3/23,https://www.youtube.com/watch?v=axgN3fjNeu0&t=4970s,マーチング祭,https://www.youtube.com/@marching-matsuri,
ライブ（チャプター）,スリークロスチーム,Bluujua,Bluujua,on2280k,2025-03-23,【東海】2025 MIX3™️ / スリークロス 東海CS｜2025/3/23,https://www.youtube.com/watch?v=axgN3fjNeu0&t=4505s,マーチング祭,https://www.youtube.com/@marching-matsuri,
ライブ（チャプター）,スリークロスチーム,soleil,soleil,o19f0yig,2025-03-23,【東海】2025 MIX3™️ / スリークロス 東海CS｜2025/3/23,https://www.youtube.com/watch?v=axgN3fjNeu0&t=4185s,マーチング祭,https://www.youtube.com/@marching-matsuri,
ライブ（チャプター）,スリークロスチーム,[Div.2]開始,,,2025-03-23,【東海】2025 MIX3™️ / スリークロス 東海CS｜2025/3/23,https://www.youtube.com/watch?v=axgN3fjNeu0&t=4093s,マーチング祭,https://www.youtube.com/@marching-matsuri,
ライブ（チャプター）,スリークロスチーム,岐阜Jr.カラーガードチームAI,岐阜Jr.カラーガードチームAI,okmr1x2,2025-03-23,【東海】2025 MIX3™️ / スリークロス 東海CS｜2025/3/23,https://www.youtube.com/watch?v=axgN3fjNeu0&t=3169s,マーチング祭,https://www.youtube.com/@marching-matsuri,
ライブ（チャプター）,スリークロスチーム,東海学院大学カラーガード,東海学院大学カラーガード,omi7u6q,2025-03-23,【東海】2025 MIX3™️ / スリークロス 東海CS｜2025/3/23,https://www.youtube.com/watch?v=axgN3fjNeu0&t=2940s,マーチング祭,https://www.youtube.com/@marching-matsuri,
ライブ（チャプター）,スリークロスチーム,Bluujua,Bluujua,on2280k,2025-03-23,【東海】2025 MIX3™️ / スリークロス 東海CS｜2025/3/23,https://www.youtube.com/watch?v=axgN3fjNeu0&t=2616s,マーチング祭,https://www.youtube.com/@marching-matsuri,
ライブ（チャプター）,スリークロスチーム,THE FOCUS Tenor Duo,THE FOCUS Tenor Duo,occci6t,2025-03-23,【東海】2025 MIX3™️ / スリークロス 東海CS｜2025/3/23,https://www.youtube.com/watch?v=axgN3fjNeu0&t=2320s,マーチング祭,https://www.youtube.com/@marching-matsuri,
ライブ（チャプター）,スリークロスチーム,Team Sakamoto,Team Sakamoto,o1797upe,2025-03-23,【東海】2025 MIX3™️ / スリークロス 東海CS｜2025/3/23,https://www.youtube.com/watch?v=axgN3fjNeu0&t=1845s,マーチング祭,https://www.youtube.com/@marching-matsuri,
ライブ（チャプター）,スリークロスチーム,東海学院大学 / 小林 大樹,東海学院大学 / 小林 大樹,ocdlwqy,2025-03-23,【東海】2025 MIX3™️ / スリークロス 東海CS｜2025/3/23,https://www.youtube.com/watch?v=axgN3fjNeu0&t=1543s,マーチング祭,https://www.youtube.com/@marching-matsuri,
ライブ（チャプター）,スリークロスチーム,終幕,,,2025-03-23,【東海】2025 MIX3™️ / スリークロス 東海CS｜2025/3/23,https://www.youtube.com/watch?v=axgN3fjNeu0&t=14108s,マーチング祭,https://www.youtube.com/@marching-matsuri,
ライブ（チャプター）,スリークロスチーム,[Winners Show]各務野さくらマーチングバンド カラーガード,各務野さくらマーチングバンド カラーガード,oiafs27,2025-03-23,【東海】2025 MIX3™️ / スリークロス 東海CS｜2025/3/23,https://www.youtube.com/watch?v=axgN3fjNeu0&t=13840s,マーチング祭,https://www.youtube.com/@marching-matsuri,
ライブ（チャプター）,スリークロスチーム,[アンコールパフォーマンス] THE FOCUS color guard,THE FOCUS color guard,o1tn3crh,2025-03-23,【東海】2025 MIX3™️ / スリークロス 東海CS｜2025/3/23,https://www.youtube.com/watch?v=axgN3fjNeu0&t=13430s,マーチング祭,https://www.youtube.com/@marching-matsuri,
ライブ（チャプター）,スリークロスチーム,[アンコールパフォーマンス] THE FOCUS Bass drum ensemble,THE FOCUS Bass drum ensemble,o1xs0xbl,2025-03-23,【東海】2025 MIX3™️ / スリークロス 東海CS｜2025/3/23,https://www.youtube.com/watch?v=axgN3fjNeu0&t=12910s,マーチング祭,https://www.youtube.com/@marching-matsuri,
ライブ（チャプター）,スリークロスチーム,スリークロス 東海CS開幕！[Div.3],,,2025-03-23,【東海】2025 MIX3™️ / スリークロス 東海CS｜2025/3/23,https://www.youtube.com/watch?v=axgN3fjNeu0&t=1111s,マーチング祭,https://www.youtube.com/@marching-matsuri,
ライブ（チャプター）,スリークロスチーム,THE FOCUS（アンコール）,THE FOCUS,o1iahfpj,2025-03-23,【東海】2025 MIX3™️ / スリークロス 東海CS｜2025/3/23,https://www.youtube.com/watch?v=axgN3fjNeu0&t=10060s,マーチング祭,https://www.youtube.com/@marching-matsuri,
ライブ（チャプター）,スリークロスチーム,演奏会等のお知らせ,,,2025-02-24,【和歌山】2025 MIX3™️ / スリークロス 和歌山オープン｜2025/2/24,https://www.youtube.com/watch?v=B-A2u4iqGpc&t=8544s,マーチング祭,https://www.youtube.com/@marching-matsuri,
ライブ（チャプター）,スリークロスチーム,【Exhibition】Starfish Band Activities,Starfish Band Activities,o1cocl6m,2025-02-24,【和歌山】2025 MIX3™️ / スリークロス 和歌山オープン｜2025/2/24,https://www.youtube.com/watch?v=B-A2u4iqGpc&t=7935s,マーチング祭,https://www.youtube.com/@marching-matsuri,
ライブ（チャプター）,スリークロスチーム,Stellamaris Color Guard,Stellamaris Color Guard,o15y440a,2025-02-24,【和歌山】2025 MIX3™️ / スリークロス 和歌山オープン｜2025/2/24,https://www.youtube.com/watch?v=B-A2u4iqGpc&t=6068s,マーチング祭,https://www.youtube.com/@marching-matsuri,
ライブ（チャプター）,スリークロスチーム,SWBE Percussion,SWBE Percussion,o1qyt2ko,2025-02-24,【和歌山】2025 MIX3™️ / スリークロス 和歌山オープン｜2025/2/24,https://www.youtube.com/watch?v=B-A2u4iqGpc&t=5712s,マーチング祭,https://www.youtube.com/@marching-matsuri,
ライブ（チャプター）,スリークロスチーム,ひとでくらぶ,ひとでくらぶ,o1a019sn,2025-02-24,【和歌山】2025 MIX3™️ / スリークロス 和歌山オープン｜2025/2/24,https://www.youtube.com/watch?v=B-A2u4iqGpc&t=5277s,マーチング祭,https://www.youtube.com/@marching-matsuri,
ライブ（チャプター）,スリークロスチーム,NGU DrumLine,NGU DrumLine,ozmdzr8,2025-02-24,【和歌山】2025 MIX3™️ / スリークロス 和歌山オープン｜2025/2/24,https://www.youtube.com/watch?v=B-A2u4iqGpc&t=4804s,マーチング祭,https://www.youtube.com/@marching-matsuri,
ライブ（チャプター）,スリークロスチーム,NARAGAKU Snare Line,NARAGAKU Snare Line,o1huzs85,2025-02-24,【和歌山】2025 MIX3™️ / スリークロス 和歌山オープン｜2025/2/24,https://www.youtube.com/watch?v=B-A2u4iqGpc&t=4513s,マーチング祭,https://www.youtube.com/@marching-matsuri,
ライブ（チャプター）,スリークロスチーム,創価和歌山ブルーイーグルス ブラスパート,創価和歌山ブルーイーグルス ブラスパート,o15fkdzl,2025-02-24,【和歌山】2025 MIX3™️ / スリークロス 和歌山オープン｜2025/2/24,https://www.youtube.com/watch?v=B-A2u4iqGpc&t=4193s,マーチング祭,https://www.youtube.com/@marching-matsuri,
ライブ（チャプター）,スリークロスチーム,ヒトデカラクリ隊,ヒトデカラクリ隊,o1chh1j0,2025-02-24,【和歌山】2025 MIX3™️ / スリークロス 和歌山オープン｜2025/2/24,https://www.youtube.com/watch?v=B-A2u4iqGpc&t=3822s,マーチング祭,https://www.youtube.com/@marching-matsuri,
ライブ（チャプター）,スリークロスチーム,宇治市立槙島小学校,宇治市立槇島小学校マーチングバンド,o1s6rufi,2025-02-24,【和歌山】2025 MIX3™️ / スリークロス 和歌山オープン｜2025/2/24,https://www.youtube.com/watch?v=B-A2u4iqGpc&t=3549s,マーチング祭,https://www.youtube.com/@marching-matsuri,
ライブ（チャプター）,スリークロスチーム,夕陽丘高校吹奏楽部OB会,夕陽丘高校吹奏楽部OB会,oqf8f2p,2025-02-24,【和歌山】2025 MIX3™️ / スリークロス 和歌山オープン｜2025/2/24,https://www.youtube.com/watch?v=B-A2u4iqGpc&t=2476s,マーチング祭,https://www.youtube.com/@marching-matsuri,
ライブ（チャプター）,スリークロスチーム,Poco a poco,Poco a poco,o13z7otv,2025-02-24,【和歌山】2025 MIX3™️ / スリークロス 和歌山オープン｜2025/2/24,https://www.youtube.com/watch?v=B-A2u4iqGpc&t=2025s,マーチング祭,https://www.youtube.com/@marching-matsuri,
ライブ（チャプター）,スリークロスチーム,Y.S,Y.S,o2b9xq4,2025-02-24,【和歌山】2025 MIX3™️ / スリークロス 和歌山オープン｜2025/2/24,https://www.youtube.com/watch?v=B-A2u4iqGpc&t=1668s,マーチング祭,https://www.youtube.com/@marching-matsuri,
ライブ（チャプター）,スリークロスチーム,【Winners Show】Stellamaris Color Guard,Stellamaris Color Guard,o15y440a,2025-02-24,【和歌山】2025 MIX3™️ / スリークロス 和歌山オープン｜2025/2/24,https://www.youtube.com/watch?v=B-A2u4iqGpc&t=12102s,マーチング祭,https://www.youtube.com/@marching-matsuri,
ライブ（チャプター）,スリークロスチーム,【審査員特別賞】SWBE Percussion,SWBE Percussion,o1qyt2ko,2025-02-24,【和歌山】2025 MIX3™️ / スリークロス 和歌山オープン｜2025/2/24,https://www.youtube.com/watch?v=B-A2u4iqGpc&t=11755s,マーチング祭,https://www.youtube.com/@marching-matsuri,
ライブ（チャプター）,スリークロスチーム,【Most Attractive Show】ヒトデカラクリ隊,ヒトデカラクリ隊,o1chh1j0,2025-02-24,【和歌山】2025 MIX3™️ / スリークロス 和歌山オープン｜2025/2/24,https://www.youtube.com/watch?v=B-A2u4iqGpc&t=11239s,マーチング祭,https://www.youtube.com/@marching-matsuri,
ライブ（チャプター）,スリークロスチーム,フロア交流タイム,,,2025-02-24,【和歌山】2025 MIX3™️ / スリークロス 和歌山オープン｜2025/2/24,https://www.youtube.com/watch?v=B-A2u4iqGpc&t=10563s,マーチング祭,https://www.youtube.com/@marching-matsuri,
動画,マーチング団体等,横浜中田ジュニアマーチングバンド,横浜中田ジュニアマーチングバンド,ossiiwr,2024-12-29,【横浜中田ジュニアマーチングバンド】2024 YOKOHAMA FINAL 【決勝R】,https://www.youtube.com/watch?v=S8f1XOenM98,マーチング祭,https://www.youtube.com/@marching-matsuri,
動画,マーチング団体等,湘南ドルフィンズ・マーチングバンド,湘南ドルフィンズ・マーチングバンド,o1nov4hn,2024-12-29,【湘南ドルフィンズ・マーチングバンド】2024 YOKOHAMA FINAL 【決勝R】,https://www.youtube.com/watch?v=RijHC73dUr4,マーチング祭,https://www.youtube.com/@marching-matsuri,
ライブ（チャプター）,マーチング団体等,Yokohama INSPIRES Alumni Drum&Bugle Corps,Yokohama INSPIRES Alumni Drum&Bugle Corps,o1hw02ly,2024-12-28,【DAY2決勝】YOKOHAMA FINAL 2024,https://www.youtube.com/watch?v=PS9EwM8QklA&t=8871s,マーチング祭,https://www.youtube.com/@marching-matsuri,
ライブ（チャプター）,マーチング団体等,"綾北""Mercury winds""","綾北""Mercury winds""",ocfxnxr,2024-12-28,【DAY2決勝】YOKOHAMA FINAL 2024,https://www.youtube.com/watch?v=PS9EwM8QklA&t=8003s,マーチング祭,https://www.youtube.com/@marching-matsuri,
ライブ（チャプター）,マーチング団体等,創価ルネサンスバンガード,創価ルネサンスバンガード,opatv37,2024-12-28,【DAY2決勝】YOKOHAMA FINAL 2024,https://www.youtube.com/watch?v=PS9EwM8QklA&t=7280s,マーチング祭,https://www.youtube.com/@marching-matsuri,
ライブ（チャプター）,マーチング団体等,YOKOHAMA ROBINS,YOKOHAMA ROBINS,ovg4zxc,2024-12-28,【DAY2決勝】YOKOHAMA FINAL 2024,https://www.youtube.com/watch?v=PS9EwM8QklA&t=6359s,マーチング祭,https://www.youtube.com/@marching-matsuri,
ライブ（チャプター）,マーチング団体等,GENESIS,GENESIS,ooulsx2,2024-12-28,【DAY2決勝】YOKOHAMA FINAL 2024,https://www.youtube.com/watch?v=PS9EwM8QklA&t=5565s,マーチング祭,https://www.youtube.com/@marching-matsuri,
ライブ（チャプター）,マーチング団体等,THE FOCUS,THE FOCUS,o1iahfpj,2024-12-28,【DAY2決勝】YOKOHAMA FINAL 2024,https://www.youtube.com/watch?v=PS9EwM8QklA&t=4819s,マーチング祭,https://www.youtube.com/@marching-matsuri,
ライブ（チャプター）,マーチング団体等,allure｜アリュー,allure,o12tkphz,2024-12-28,【DAY2決勝】YOKOHAMA FINAL 2024,https://www.youtube.com/watch?v=PS9EwM8QklA&t=3987s,マーチング祭,https://www.youtube.com/@marching-matsuri,
ライブ（チャプター）,マーチング団体等,MARCHING BAND COURAGE,MARCHINGBAND COURAGE,olv3ivu,2024-12-28,【DAY2決勝】YOKOHAMA FINAL 2024,https://www.youtube.com/watch?v=PS9EwM8QklA&t=3222s,マーチング祭,https://www.youtube.com/@marching-matsuri,
ライブ（チャプター）,マーチング団体等,横浜市立太尾小学校マーチングバンド,横浜市立太尾小学校マーチングバンド,o43ypd5,2024-12-28,【DAY2決勝】YOKOHAMA FINAL 2024,https://www.youtube.com/watch?v=PS9EwM8QklA&t=2566s,マーチング祭,https://www.youtube.com/@marching-matsuri,
ライブ（チャプター）,マーチング団体等,Winners' Show】 YOKOHAMA ROBINS【Show Start,YOKOHAMA ROBINS,ovg4zxc,2024-12-28,【DAY2決勝】YOKOHAMA FINAL 2024,https://www.youtube.com/watch?v=PS9EwM8QklA&t=13519s,マーチング祭,https://www.youtube.com/@marching-matsuri,
ライブ（チャプター）,マーチング団体等,【Winners' Show】 YOKOHAMA ROBINS,YOKOHAMA ROBINS,ovg4zxc,2024-12-28,【DAY2決勝】YOKOHAMA FINAL 2024,https://www.youtube.com/watch?v=PS9EwM8QklA&t=13247s,マーチング祭,https://www.youtube.com/@marching-matsuri,
ライブ（チャプター）,マーチング団体等,フロア交流会,,,2024-12-28,【DAY2決勝】YOKOHAMA FINAL 2024,https://www.youtube.com/watch?v=PS9EwM8QklA&t=12025s,マーチング祭,https://www.youtube.com/@marching-matsuri,
ライブ（チャプター）,マーチング団体等,show time,,,2024-12-28,【DAY2決勝】YOKOHAMA FINAL 2024,https://www.youtube.com/watch?v=PS9EwM8QklA&t=1173s,マーチング祭,https://www.youtube.com/@marching-matsuri,
ライブ（チャプター）,マーチング団体等,スコア発表 *音無し,,,2024-12-28,【DAY2予選】YOKOHAMA FINAL 2024,https://www.youtube.com/watch?v=MBdb9IUDcxw&t=7038s,マーチング祭,https://www.youtube.com/@marching-matsuri,
ライブ（チャプター）,マーチング団体等,Revolt colorguard,Revolt colorguard,o17p2726,2024-12-28,【DAY2予選】YOKOHAMA FINAL 2024,https://www.youtube.com/watch?v=MBdb9IUDcxw&t=5675s,マーチング祭,https://www.youtube.com/@marching-matsuri,
ライブ（チャプター）,マーチング団体等,Via Colorguard Jr.,Via Colorguard Jr.,o99e70i,2024-12-28,【DAY2予選】YOKOHAMA FINAL 2024,https://www.youtube.com/watch?v=MBdb9IUDcxw&t=5178s,マーチング祭,https://www.youtube.com/@marching-matsuri,
ライブ（チャプター）,マーチング団体等,横浜市ジュニアマーチングバンドBayWind,横浜市ジュニアマーチングバンドBayWind,o1d3q5pq,2024-12-28,【DAY2予選】YOKOHAMA FINAL 2024,https://www.youtube.com/watch?v=MBdb9IUDcxw&t=4353s,マーチング祭,https://www.youtube.com/@marching-matsuri,
ライブ（チャプター）,マーチング団体等,湘南ドルフィンズ・マーチングバンド,湘南ドルフィンズ・マーチングバンド,o1nov4hn,2024-12-28,【DAY2予選】YOKOHAMA FINAL 2024,https://www.youtube.com/watch?v=MBdb9IUDcxw&t=3509s,マーチング祭,https://www.youtube.com/@marching-matsuri,
ライブ（チャプター）,マーチング団体等,横浜市立太尾小学校マーチングバンド,横浜市立太尾小学校マーチングバンド,o43ypd5,2024-12-28,【DAY2予選】YOKOHAMA FINAL 2024,https://www.youtube.com/watch?v=MBdb9IUDcxw&t=2815s,マーチング祭,https://www.youtube.com/@marching-matsuri,
ライブ（チャプター）,マーチング団体等,横浜中田ジュニアマーチングバンド,横浜中田ジュニアマーチングバンド,ossiiwr,2024-12-28,【DAY2予選】YOKOHAMA FINAL 2024,https://www.youtube.com/watch?v=MBdb9IUDcxw&t=2110s,マーチング祭,https://www.youtube.com/@marching-matsuri,
ライブ（チャプター）,マーチング団体等,スコア発表,,,2024-12-28,【DAY2予選】YOKOHAMA FINAL 2024,https://www.youtube.com/watch?v=MBdb9IUDcxw&t=19215s,マーチング祭,https://www.youtube.com/@marching-matsuri,
ライブ（チャプター）,マーチング団体等,YOKOHAMA ROBINS,YOKOHAMA ROBINS,ovg4zxc,2024-12-28,【DAY2予選】YOKOHAMA FINAL 2024,https://www.youtube.com/watch?v=MBdb9IUDcxw&t=17615s,マーチング祭,https://www.youtube.com/@marching-matsuri,
ライブ（チャプター）,マーチング団体等,創価ルネサンスバンガード,創価ルネサンスバンガード,opatv37,2024-12-28,【DAY2予選】YOKOHAMA FINAL 2024,https://www.youtube.com/watch?v=MBdb9IUDcxw&t=16810s,マーチング祭,https://www.youtube.com/@marching-matsuri,
ライブ（チャプター）,マーチング団体等,Color guard team GROWTH,Color guard team GROWTH,o1tlrezu,2024-12-28,【DAY2予選】YOKOHAMA FINAL 2024,https://www.youtube.com/watch?v=MBdb9IUDcxw&t=16182s,マーチング祭,https://www.youtube.com/@marching-matsuri,
ライブ（チャプター）,マーチング団体等,Via Colorguard,Via Colorguard,o1awyam4,2024-12-28,【DAY2予選】YOKOHAMA FINAL 2024,https://www.youtube.com/watch?v=MBdb9IUDcxw&t=15635s,マーチング祭,https://www.youtube.com/@marching-matsuri,
ライブ（チャプター）,マーチング団体等,Show Time,,,2024-12-28,【DAY2予選】YOKOHAMA FINAL 2024,https://www.youtube.com/watch?v=MBdb9IUDcxw&t=1550s,マーチング祭,https://www.youtube.com/@marching-matsuri,
ライブ（チャプター）,マーチング団体等,GENESIS,GENESIS,ooulsx2,2024-12-28,【DAY2予選】YOKOHAMA FINAL 2024,https://www.youtube.com/watch?v=MBdb9IUDcxw&t=14891s,マーチング祭,https://www.youtube.com/@marching-matsuri,
ライブ（チャプター）,マーチング団体等,THE FOCUS,THE FOCUS,o1iahfpj,2024-12-28,【DAY2予選】YOKOHAMA FINAL 2024,https://www.youtube.com/watch?v=MBdb9IUDcxw&t=14115s,マーチング祭,https://www.youtube.com/@marching-matsuri,
ライブ（チャプター）,マーチング団体等,DER GLANZ,DER GLANZ,o7i5jml,2024-12-28,【DAY2予選】YOKOHAMA FINAL 2024,https://www.youtube.com/watch?v=MBdb9IUDcxw&t=13406s,マーチング祭,https://www.youtube.com/@marching-matsuri,
ライブ（チャプター）,マーチング団体等,allure,allure,o12tkphz,2024-12-28,【DAY2予選】YOKOHAMA FINAL 2024,https://www.youtube.com/watch?v=MBdb9IUDcxw&t=12662s,マーチング祭,https://www.youtube.com/@marching-matsuri,
ライブ（チャプター）,マーチング団体等,MARCHING BAND COURAGE,MARCHINGBAND COURAGE,olv3ivu,2024-12-28,【DAY2予選】YOKOHAMA FINAL 2024,https://www.youtube.com/watch?v=MBdb9IUDcxw&t=11920s,マーチング祭,https://www.youtube.com/@marching-matsuri,
ライブ（チャプター）,マーチング団体等,岩槻マーチング集団 雛ーひなたー,岩槻マーチング集団 雛ーひなたー,ow9mp67,2024-12-28,【DAY2予選】YOKOHAMA FINAL 2024,https://www.youtube.com/watch?v=MBdb9IUDcxw&t=11124s,マーチング祭,https://www.youtube.com/@marching-matsuri,
ライブ（チャプター）,マーチング団体等,DIV3開始,,,2024-12-28,【DAY2予選】YOKOHAMA FINAL 2024,https://www.youtube.com/watch?v=MBdb9IUDcxw&t=10549s,マーチング祭,https://www.youtube.com/@marching-matsuri,
ライブ（チャプター）,マーチング団体等,フロア交流会,,,2024-12-27,【DAY1決勝】YOKOHAMA FINAL 2024,https://www.youtube.com/watch?v=lREWSc4f8IY&t=9614s,マーチング祭,https://www.youtube.com/@marching-matsuri,
ライブ（チャプター）,マーチング団体等,スコア発表,,,2024-12-27,【DAY1決勝】YOKOHAMA FINAL 2024,https://www.youtube.com/watch?v=lREWSc4f8IY&t=8628s,マーチング祭,https://www.youtube.com/@marching-matsuri,
ライブ（チャプター）,マーチング団体等,湘南台高校吹奏楽部 White Shooting Stars,神奈川県立湘南台高等学校吹奏楽部 White Shooting Stars,o1k1vb1f,2024-12-27,【DAY1決勝】YOKOHAMA FINAL 2024,https://www.youtube.com/watch?v=lREWSc4f8IY&t=6045s,マーチング祭,https://www.youtube.com/@marching-matsuri,
ライブ（チャプター）,マーチング団体等,千葉敬愛高校マーチングバンド Graceful Spirit,千葉敬愛高等学校マーチングバンドGraceful Spirit,okwuub3,2024-12-27,【DAY1決勝】YOKOHAMA FINAL 2024,https://www.youtube.com/watch?v=lREWSc4f8IY&t=5374s,マーチング祭,https://www.youtube.com/@marching-matsuri,
ライブ（チャプター）,マーチング団体等,鵠沼高校マーチングバンド部 AlbireoNova,鵠沼高等学校マーチングバンド部 AlbireoNova,o16mgkws,2024-12-27,【DAY1決勝】YOKOHAMA FINAL 2024,https://www.youtube.com/watch?v=lREWSc4f8IY&t=4543s,マーチング祭,https://www.youtube.com/@marching-matsuri,
ライブ（チャプター）,マーチング団体等,"綾北""Mercury winds""","綾北""Mercury winds""",ocfxnxr,2024-12-27,【DAY1決勝】YOKOHAMA FINAL 2024,https://www.youtube.com/watch?v=lREWSc4f8IY&t=3752s,マーチング祭,https://www.youtube.com/@marching-matsuri,
ライブ（チャプター）,マーチング団体等,The Infinity,The Infinity,o178oclp,2024-12-27,【DAY1決勝】YOKOHAMA FINAL 2024,https://www.youtube.com/watch?v=lREWSc4f8IY&t=2957s,マーチング祭,https://www.youtube.com/@marching-matsuri,
ライブ（チャプター）,マーチング団体等,show start,,,2024-12-27,【DAY1決勝】YOKOHAMA FINAL 2024,https://www.youtube.com/watch?v=lREWSc4f8IY&t=2076s,マーチング祭,https://www.youtube.com/@marching-matsuri,
ライブ（チャプター）,マーチング団体等,Winners' Show】湘南台高校吹奏楽部 White Shooting Stars【Show Start,神奈川県立湘南台高等学校吹奏楽部 White Shooting Stars,o1k1vb1f,2024-12-27,【DAY1決勝】YOKOHAMA FINAL 2024,https://www.youtube.com/watch?v=lREWSc4f8IY&t=10717s,マーチング祭,https://www.youtube.com/@marching-matsuri,
ライブ（チャプター）,マーチング団体等,【Winners' Show】湘南台高校吹奏楽部 White Shooting Stars,神奈川県立湘南台高等学校吹奏楽部 White Shooting Stars,o1k1vb1f,2024-12-27,【DAY1決勝】YOKOHAMA FINAL 2024,https://www.youtube.com/watch?v=lREWSc4f8IY&t=10551s,マーチング祭,https://www.youtube.com/@marching-matsuri,
ライブ（チャプター）,マーチング団体等,スコア発表,,,2024-12-27,【DAY1予選】YOKOHAMA FINAL 2024,https://www.youtube.com/watch?v=a5ANITkEgvA&t=8732s,マーチング祭,https://www.youtube.com/@marching-matsuri,
ライブ（チャプター）,マーチング団体等,Via Colorguard Jr.,Via Colorguard Jr.,o99e70i,2024-12-27,【DAY1予選】YOKOHAMA FINAL 2024,https://www.youtube.com/watch?v=a5ANITkEgvA&t=7003s,マーチング祭,https://www.youtube.com/@marching-matsuri,
ライブ（チャプター）,マーチング団体等,湘南台高校吹奏楽部 White Shooting Stars,神奈川県立湘南台高等学校吹奏楽部 White Shooting Stars,o1k1vb1f,2024-12-27,【DAY1予選】YOKOHAMA FINAL 2024,https://www.youtube.com/watch?v=a5ANITkEgvA&t=6214s,マーチング祭,https://www.youtube.com/@marching-matsuri,
ライブ（チャプター）,マーチング団体等,千葉敬愛高校マーチングバンド Graceful Spirit,千葉敬愛高等学校マーチングバンドGraceful Spirit,okwuub3,2024-12-27,【DAY1予選】YOKOHAMA FINAL 2024,https://www.youtube.com/watch?v=a5ANITkEgvA&t=5434s,マーチング祭,https://www.youtube.com/@marching-matsuri,
ライブ（チャプター）,マーチング団体等,東京実業高等学校Phoenix Regiment Drum & Bugle Corps,東京実業高等学校Phoenix Regiment Drum&Bugle Corps,o1nlulwf,2024-12-27,【DAY1予選】YOKOHAMA FINAL 2024,https://www.youtube.com/watch?v=a5ANITkEgvA&t=4764s,マーチング祭,https://www.youtube.com/@marching-matsuri,
ライブ（チャプター）,マーチング団体等,鵠沼高校マーチングバンド部 AlbireoNova,鵠沼高等学校マーチングバンド部 AlbireoNova,o16mgkws,2024-12-27,【DAY1予選】YOKOHAMA FINAL 2024,https://www.youtube.com/watch?v=a5ANITkEgvA&t=3927s,マーチング祭,https://www.youtube.com/@marching-matsuri,
ライブ（チャプター）,マーチング団体等,"綾北""Mercury winds""","綾北""Mercury winds""",ocfxnxr,2024-12-27,【DAY1予選】YOKOHAMA FINAL 2024,https://www.youtube.com/watch?v=a5ANITkEgvA&t=3191s,マーチング祭,https://www.youtube.com/@marching-matsuri,
ライブ（チャプター）,マーチング団体等,The Infinity,The Infinity,o178oclp,2024-12-27,【DAY1予選】YOKOHAMA FINAL 2024,https://www.youtube.com/watch?v=a5ANITkEgvA&t=2609s,マーチング祭,https://www.youtube.com/@marching-matsuri,
ライブ（チャプター）,マーチング団体等,opening,,,2024-12-27,【DAY1予選】YOKOHAMA FINAL 2024,https://www.youtube.com/watch?v=a5ANITkEgvA&t=1878s,マーチング祭,https://www.youtube.com/@marching-matsuri,
動画,マーチング団体等,2024 横浜 ｜出場チーム紹介 Yokohama INSPIRES Alumni Drum&Bugle Corps,,,2024-12-26,2024 横浜 ｜出場チーム紹介 Yokohama INSPIRES Alumni Drum&Bugle Corps,https://www.youtube.com/watch?v=v9qSklhxG4o,マーチング祭,https://www.youtube.com/@marching-matsuri,
動画,マーチング団体等,2024 横浜 ｜出場チーム紹介　DER GLANZ / 岩槻マーチング集団 雛～ひなた～,,,2024-12-26,2024 横浜 ｜出場チーム紹介　DER GLANZ / 岩槻マーチング集団 雛～ひなた～,https://www.youtube.com/watch?v=LAB-_W6vhfY,マーチング祭,https://www.youtube.com/@marching-matsuri,
動画,マーチング団体等,2024 横浜 ｜出場チーム紹介 YOKOHAMA ROBINS /創価ルネサンスバンガード,,,2024-12-25,2024 横浜 ｜出場チーム紹介 YOKOHAMA ROBINS /創価ルネサンスバンガード,https://www.youtube.com/watch?v=w3i82eGQ_5U,マーチング祭,https://www.youtube.com/@marching-matsuri,
動画,マーチング団体等,2024 横浜 ｜出場チーム紹介 BAYWIND/太尾小,,,2024-12-25,2024 横浜 ｜出場チーム紹介 BAYWIND/太尾小,https://www.youtube.com/watch?v=blvNeCqDIaQ,マーチング祭,https://www.youtube.com/@marching-matsuri,
動画,マーチング団体等,2024 横浜 ｜出場チーム紹介 allure / MARCHING BAND COURAGE,,,2024-12-21,2024 横浜 ｜出場チーム紹介 allure / MARCHING BAND COURAGE,https://www.youtube.com/watch?v=5XZDYoutoH0,マーチング祭,https://www.youtube.com/@marching-matsuri,
動画,マーチング団体等,2024 横浜 ｜出場チーム紹介 GENESIS / THE FOCUS,,,2024-12-20,2024 横浜 ｜出場チーム紹介 GENESIS / THE FOCUS,https://www.youtube.com/watch?v=mYN4CYstEmA,マーチング祭,https://www.youtube.com/@marching-matsuri,
ライブ（チャプター）,マーチング団体等,THE FOCUS,THE FOCUS,o1iahfpj,2024-11-23,【東海】2024 MARCHING祭  東海オープン｜2024/11/23(sat),https://www.youtube.com/watch?v=P64jmhGPllU&t=9080s,マーチング祭,https://www.youtube.com/@marching-matsuri,
ライブ（チャプター）,マーチング団体等,吉祥院ザウルス,吉祥院ザウルス,obs26x0,2024-11-23,【東海】2024 MARCHING祭  東海オープン｜2024/11/23(sat),https://www.youtube.com/watch?v=P64jmhGPllU&t=8505s,マーチング祭,https://www.youtube.com/@marching-matsuri,
ライブ（チャプター）,マーチング団体等,allure,allure,o12tkphz,2024-11-23,【東海】2024 MARCHING祭  東海オープン｜2024/11/23(sat),https://www.youtube.com/watch?v=P64jmhGPllU&t=7798s,マーチング祭,https://www.youtube.com/@marching-matsuri,
ライブ（チャプター）,マーチング団体等,Tokyo Phoenix Drum&Bugle Corps,Tokyo Phoenix Drum&Bugle Corps,ofza5wl,2024-11-23,【東海】2024 MARCHING祭  東海オープン｜2024/11/23(sat),https://www.youtube.com/watch?v=P64jmhGPllU&t=7190s,マーチング祭,https://www.youtube.com/@marching-matsuri,
ライブ（チャプター）,マーチング団体等,Imperial Sound Drum&Bugle Corps,Imperial Sound Drum&Bugle Corps,o1o6zc1c,2024-11-23,【東海】2024 MARCHING祭  東海オープン｜2024/11/23(sat),https://www.youtube.com/watch?v=P64jmhGPllU&t=6525s,マーチング祭,https://www.youtube.com/@marching-matsuri,
ライブ（チャプター）,マーチング団体等,白水保育園マーチングバンドブルーエンゼルス,白水保育園マーチングバンドブルーエンゼルス,o5pz8qa,2024-11-23,【東海】2024 MARCHING祭  東海オープン｜2024/11/23(sat),https://www.youtube.com/watch?v=P64jmhGPllU&t=5915s,マーチング祭,https://www.youtube.com/@marching-matsuri,
ライブ（チャプター）,マーチング団体等,つつじが丘 Jr.MB,つつじが丘ジュニアマーチングバンド,o2jxvpo,2024-11-23,【東海】2024 MARCHING祭  東海オープン｜2024/11/23(sat),https://www.youtube.com/watch?v=P64jmhGPllU&t=3830s,マーチング祭,https://www.youtube.com/@marching-matsuri,
ライブ（チャプター）,マーチング団体等,Legend of ANGELS,Legend of ANGELS Drum&Bugle Corps,o1slw9jm,2024-11-23,【東海】2024 MARCHING祭  東海オープン｜2024/11/23(sat),https://www.youtube.com/watch?v=P64jmhGPllU&t=3190s,マーチング祭,https://www.youtube.com/@marching-matsuri,
ライブ（チャプター）,マーチング団体等,Finder,Finder,o79lm8,2024-11-23,【東海】2024 MARCHING祭  東海オープン｜2024/11/23(sat),https://www.youtube.com/watch?v=P64jmhGPllU&t=2790s,マーチング祭,https://www.youtube.com/@marching-matsuri,
ライブ（チャプター）,マーチング団体等,ひまわり幼稚園サンフラワードラムコー,ひまわり幼稚園サンフラワードラムコー,omcirgn,2024-11-23,【東海】2024 MARCHING祭  東海オープン｜2024/11/23(sat),https://www.youtube.com/watch?v=P64jmhGPllU&t=2185s,マーチング祭,https://www.youtube.com/@marching-matsuri,
ライブ（チャプター）,マーチング団体等,THE FOCUS,THE FOCUS,o1iahfpj,2024-11-23,【東海】2024 MARCHING祭  東海オープン｜2024/11/23(sat),https://www.youtube.com/watch?v=P64jmhGPllU&t=16221s,マーチング祭,https://www.youtube.com/@marching-matsuri,
ライブ（チャプター）,マーチング団体等,Tokyo Phoenix Drum&Bugle Corps,Tokyo Phoenix Drum&Bugle Corps,ofza5wl,2024-11-23,【東海】2024 MARCHING祭  東海オープン｜2024/11/23(sat),https://www.youtube.com/watch?v=P64jmhGPllU&t=15290s,マーチング祭,https://www.youtube.com/@marching-matsuri,
ライブ（チャプター）,マーチング団体等,つつじが丘 Jr.MB,つつじが丘ジュニアマーチングバンド,o2jxvpo,2024-11-23,【東海】2024 MARCHING祭  東海オープン｜2024/11/23(sat),https://www.youtube.com/watch?v=P64jmhGPllU&t=14440s,マーチング祭,https://www.youtube.com/@marching-matsuri,
動画,マーチング団体等,横浜市立太尾小学校マーチングバンド,横浜市立太尾小学校マーチングバンド,o43ypd5,2024-10-21,【横浜市立太尾小学校マーチングバンド】2024湘南藤沢OPEN｜Jr.MB / Fans Favorite,https://www.youtube.com/watch?v=xsA3hCYVTRU,マーチング祭,https://www.youtube.com/@marching-matsuri,
動画,マーチング団体等,Yokohama INSPIRES Alumni Drum&Bugle Corps,Yokohama INSPIRES Alumni Drum&Bugle Corps,o1hw02ly,2024-10-21,【Yokohama INSPIRES Alumni Drum&Bugle Corps】2024湘南藤沢OPEN｜Guest Drum Corps,https://www.youtube.com/watch?v=cElI9W89sDE,マーチング祭,https://www.youtube.com/@marching-matsuri,
動画,マーチング団体等,湘南台高校吹奏楽部 White Shooting Stars,神奈川県立湘南台高等学校吹奏楽部 White Shooting Stars,o1k1vb1f,2024-09-28,【湘南台高校吹奏楽部 White Shooting Stars】2024 湘南藤沢OPEN｜Winners Show,https://www.youtube.com/watch?v=l54RlXKi5gQ,マーチング祭,https://www.youtube.com/@marching-matsuri,
ライブ（チャプター）,マーチング団体等,"横浜市立三保小学校""ハミングバード""",横浜市立三保小学校ハミングバード,o1nbghs7,2024-09-27,【湘南藤沢】2024 MARCHING祭 ALL JAPAN CHAMPIONSHIPS湘南藤沢オープン,https://www.youtube.com/watch?v=uz1vEM19ov8&t=977s,マーチング祭,https://www.youtube.com/channel/UC4k9RWxkryjqTtQwkEo07Bg,
ライブ（チャプター）,マーチング団体等,神奈川県立湘南台高等学校吹奏楽部WhiteShootingStars,神奈川県立湘南台高等学校吹奏楽部 White Shooting Stars,o1k1vb1f,2024-09-27,【湘南藤沢】2024 MARCHING祭 ALL JAPAN CHAMPIONSHIPS湘南藤沢オープン,https://www.youtube.com/watch?v=uz1vEM19ov8&t=9351s,マーチング祭,https://www.youtube.com/channel/UC4k9RWxkryjqTtQwkEo07Bg,
ライブ（チャプター）,マーチング団体等,千葉敬愛高等学校マーチングバンドGraceful Spirit,千葉敬愛高等学校マーチングバンドGraceful Spirit,okwuub3,2024-09-27,【湘南藤沢】2024 MARCHING祭 ALL JAPAN CHAMPIONSHIPS湘南藤沢オープン,https://www.youtube.com/watch?v=uz1vEM19ov8&t=8664s,マーチング祭,https://www.youtube.com/channel/UC4k9RWxkryjqTtQwkEo07Bg,
ライブ（チャプター）,マーチング団体等,鵠沼高等学校マーチングバンド部 AlbireoNova,鵠沼高等学校マーチングバンド部 AlbireoNova,o16mgkws,2024-09-27,【湘南藤沢】2024 MARCHING祭 ALL JAPAN CHAMPIONSHIPS湘南藤沢オープン,https://www.youtube.com/watch?v=uz1vEM19ov8&t=8154s,マーチング祭,https://www.youtube.com/channel/UC4k9RWxkryjqTtQwkEo07Bg,
ライブ（チャプター）,マーチング団体等,allure,allure,o12tkphz,2024-09-27,【湘南藤沢】2024 MARCHING祭 ALL JAPAN CHAMPIONSHIPS湘南藤沢オープン,https://www.youtube.com/watch?v=uz1vEM19ov8&t=7499s,マーチング祭,https://www.youtube.com/channel/UC4k9RWxkryjqTtQwkEo07Bg,
ライブ（チャプター）,マーチング団体等,MARCHINGBAND COURAGE,MARCHINGBAND COURAGE,olv3ivu,2024-09-27,【湘南藤沢】2024 MARCHING祭 ALL JAPAN CHAMPIONSHIPS湘南藤沢オープン,https://www.youtube.com/watch?v=uz1vEM19ov8&t=6875s,マーチング祭,https://www.youtube.com/channel/UC4k9RWxkryjqTtQwkEo07Bg,
ライブ（チャプター）,マーチング団体等,座間Marching Band to INFINITY,座間Marching Band to INFINITY,o17tqgyh,2024-09-27,【湘南藤沢】2024 MARCHING祭 ALL JAPAN CHAMPIONSHIPS湘南藤沢オープン,https://www.youtube.com/watch?v=uz1vEM19ov8&t=6342s,マーチング祭,https://www.youtube.com/channel/UC4k9RWxkryjqTtQwkEo07Bg,
ライブ（チャプター）,マーチング団体等,Revolt colorguard,Revolt colorguard,o17p2726,2024-09-27,【湘南藤沢】2024 MARCHING祭 ALL JAPAN CHAMPIONSHIPS湘南藤沢オープン,https://www.youtube.com/watch?v=uz1vEM19ov8&t=5947s,マーチング祭,https://www.youtube.com/channel/UC4k9RWxkryjqTtQwkEo07Bg,
ライブ（チャプター）,マーチング団体等,横浜市立潮田中学校YOKOHAMAPacificWinds,横浜市立潮田中学校 YOKOHAMA Pacific Winds,ouczeoq,2024-09-27,【湘南藤沢】2024 MARCHING祭 ALL JAPAN CHAMPIONSHIPS湘南藤沢オープン,https://www.youtube.com/watch?v=uz1vEM19ov8&t=5535s,マーチング祭,https://www.youtube.com/channel/UC4k9RWxkryjqTtQwkEo07Bg,
ライブ（チャプター）,マーチング団体等,横浜市立西谷中学校マーチングバンド部 Splash Hearts,横浜市立西谷中学校マーチングバンド部 Splash Hearts,o132xu6b,2024-09-27,【湘南藤沢】2024 MARCHING祭 ALL JAPAN CHAMPIONSHIPS湘南藤沢オープン,https://www.youtube.com/watch?v=uz1vEM19ov8&t=4959s,マーチング祭,https://www.youtube.com/channel/UC4k9RWxkryjqTtQwkEo07Bg,
ライブ（チャプター）,マーチング団体等,横浜市ジュニアマーチングバンドBayWind,横浜市ジュニアマーチングバンドBayWind,o1d3q5pq,2024-09-27,【湘南藤沢】2024 MARCHING祭 ALL JAPAN CHAMPIONSHIPS湘南藤沢オープン,https://www.youtube.com/watch?v=uz1vEM19ov8&t=4510s,マーチング祭,https://www.youtube.com/channel/UC4k9RWxkryjqTtQwkEo07Bg,
ライブ（チャプター）,マーチング団体等,湘南ドルフィンズ・マーチングバンド,湘南ドルフィンズ・マーチングバンド,o1nov4hn,2024-09-27,【湘南藤沢】2024 MARCHING祭 ALL JAPAN CHAMPIONSHIPS湘南藤沢オープン,https://www.youtube.com/watch?v=uz1vEM19ov8&t=3992s,マーチング祭,https://www.youtube.com/channel/UC4k9RWxkryjqTtQwkEo07Bg,
ライブ（チャプター）,マーチング団体等,横浜市立太尾小学校マーチングバンド,横浜市立太尾小学校マーチングバンド,o43ypd5,2024-09-27,【湘南藤沢】2024 MARCHING祭 ALL JAPAN CHAMPIONSHIPS湘南藤沢オープン,https://www.youtube.com/watch?v=uz1vEM19ov8&t=3471s,マーチング祭,https://www.youtube.com/channel/UC4k9RWxkryjqTtQwkEo07Bg,
ライブ（チャプター）,マーチング団体等,横浜市立下野庭小学校マーチングバンド,横浜市立下野庭小学校マーチングバンド,o1645od7,2024-09-27,【湘南藤沢】2024 MARCHING祭 ALL JAPAN CHAMPIONSHIPS湘南藤沢オープン,https://www.youtube.com/watch?v=uz1vEM19ov8&t=2900s,マーチング祭,https://www.youtube.com/channel/UC4k9RWxkryjqTtQwkEo07Bg,
ライブ（チャプター）,マーチング団体等,横浜市立平安小学校マーチングバンド,横浜市立平安小学校マーチングバンド,o1j4wmu9,2024-09-27,【湘南藤沢】2024 MARCHING祭 ALL JAPAN CHAMPIONSHIPS湘南藤沢オープン,https://www.youtube.com/watch?v=uz1vEM19ov8&t=2430s,マーチング祭,https://www.youtube.com/channel/UC4k9RWxkryjqTtQwkEo07Bg,
ライブ（チャプター）,マーチング団体等,横浜中田ジュニアマーチングバンド,横浜中田ジュニアマーチングバンド,ossiiwr,2024-09-27,【湘南藤沢】2024 MARCHING祭 ALL JAPAN CHAMPIONSHIPS湘南藤沢オープン,https://www.youtube.com/watch?v=uz1vEM19ov8&t=1965s,マーチング祭,https://www.youtube.com/channel/UC4k9RWxkryjqTtQwkEo07Bg,
ライブ（チャプター）,マーチング団体等,横浜市立本郷小学校マーチングバンド,横浜市立本郷小学校マーチングバンド,ow3khum,2024-09-27,【湘南藤沢】2024 MARCHING祭 ALL JAPAN CHAMPIONSHIPS湘南藤沢オープン,https://www.youtube.com/watch?v=uz1vEM19ov8&t=1465s,マーチング祭,https://www.youtube.com/channel/UC4k9RWxkryjqTtQwkEo07Bg,
ライブ（チャプター）,マーチング団体等,Yokohama INSPIRES Alumni Drum & Bugle Corps,Yokohama INSPIRES Alumni Drum&Bugle Corps,o1hw02ly,2024-09-27,【湘南藤沢】2024 MARCHING祭 ALL JAPAN CHAMPIONSHIPS湘南藤沢オープン,https://www.youtube.com/watch?v=uz1vEM19ov8&t=10206s,マーチング祭,https://www.youtube.com/channel/UC4k9RWxkryjqTtQwkEo07Bg,
ライブ（チャプター）,スリークロスチーム,横浜隼人中学・高等学校チアダンス部 Falcons☆,横浜隼人中学・高等学校チアダンス部 Falcons☆,om9u9k3,2024-05-03,【FINALS】2024 MIX3™️ / スリークロス  S｜2024/5/3,https://www.youtube.com/watch?v=e3Z7Xd8zkA4&t=8660s,マーチング祭,https://www.youtube.com/@marching-matsuri,
ライブ（チャプター）,スリークロスチーム,allure(アリュー),allure,o12tkphz,2024-05-03,【FINALS】2024 MIX3™️ / スリークロス  S｜2024/5/4,https://www.youtube.com/watch?v=e3Z7Xd8zkA4&t=7535s,マーチング祭,https://www.youtube.com/@marching-matsuri,
ライブ（チャプター）,スリークロスチーム,Keys,"""Keys""",o1stc8b4,2024-05-03,【FINALS】2024 MIX3™️ / スリークロス  S｜2024/5/5,https://www.youtube.com/watch?v=e3Z7Xd8zkA4&t=7135s,マーチング祭,https://www.youtube.com/@marching-matsuri,
ライブ（チャプター）,スリークロスチーム,High☆Star,High☆Star,o15n5lie,2024-05-03,【FINALS】2024 MIX3™️ / スリークロス  S｜2024/5/6,https://www.youtube.com/watch?v=e3Z7Xd8zkA4&t=6767s,マーチング祭,https://www.youtube.com/@marching-matsuri,
ライブ（チャプター）,スリークロスチーム,Volare mini,Volare mini,o3s8nhg,2024-05-03,【FINALS】2024 MIX3™️ / スリークロス  S｜2024/5/7,https://www.youtube.com/watch?v=e3Z7Xd8zkA4&t=6425s,マーチング祭,https://www.youtube.com/@marching-matsuri,
ライブ（チャプター）,スリークロスチーム,REUNION,REUNION,o3qvoe0,2024-05-03,【FINALS】2024 MIX3™️ / スリークロス  S｜2024/5/8,https://www.youtube.com/watch?v=e3Z7Xd8zkA4&t=6098s,マーチング祭,https://www.youtube.com/@marching-matsuri,
ライブ（チャプター）,スリークロスチーム,久住 俊介 (音源再生不具合による再演),久住 俊介,o1moxpav,2024-05-03,【FINALS】2024 MIX3™️ / スリークロス  S｜2024/5/9,https://www.youtube.com/watch?v=e3Z7Xd8zkA4&t=5345s,マーチング祭,https://www.youtube.com/@marching-matsuri,
ライブ（チャプター）,スリークロスチーム,小林 瑞季 (音源再生不具合による再演),小林 瑞季,oc01bet,2024-05-03,【FINALS】2024 MIX3™️ / スリークロス  S｜2024/5/10,https://www.youtube.com/watch?v=e3Z7Xd8zkA4&t=5139s,マーチング祭,https://www.youtube.com/@marching-matsuri,
ライブ（チャプター）,スリークロスチーム,Splendore,Splendore,odxbtsu,2024-05-03,【FINALS】2024 MIX3™️ / スリークロス  S｜2024/5/11,https://www.youtube.com/watch?v=e3Z7Xd8zkA4&t=3222s,マーチング祭,https://www.youtube.com/@marching-matsuri,
ライブ（チャプター）,スリークロスチーム,井伊田3,井伊田3,o1tugt5e,2024-05-03,【FINALS】2024 MIX3™️ / スリークロス  S｜2024/5/12,https://www.youtube.com/watch?v=e3Z7Xd8zkA4&t=2888s,マーチング祭,https://www.youtube.com/@marching-matsuri,
ライブ（チャプター）,スリークロスチーム,ゆかとしぃ,ゆかとしぃ,o1en7uhv,2024-05-03,【FINALS】2024 MIX3™️ / スリークロス  S｜2024/5/13,https://www.youtube.com/watch?v=e3Z7Xd8zkA4&t=2528s,マーチング祭,https://www.youtube.com/@marching-matsuri,
ライブ（チャプター）,スリークロスチーム,SVCG チームわだ,SVCG チームわだ,o1u51bpb,2024-05-03,【FINALS】2024 MIX3™️ / スリークロス  S｜2024/5/14,https://www.youtube.com/watch?v=e3Z7Xd8zkA4&t=2215s,マーチング祭,https://www.youtube.com/@marching-matsuri,
ライブ（チャプター）,スリークロスチーム,小林 瑞季,小林 瑞季,oc01bet,2024-05-03,【FINALS】2024 MIX3™️ / スリークロス  S｜2024/5/15,https://www.youtube.com/watch?v=e3Z7Xd8zkA4&t=1916s,マーチング祭,https://www.youtube.com/@marching-matsuri,
ライブ（チャプター）,スリークロスチーム,井上 こすず,井上 こすず,o1nnz60x,2024-05-03,【FINALS】2024 MIX3™️ / スリークロス  S｜2024/5/16,https://www.youtube.com/watch?v=e3Z7Xd8zkA4&t=1600s,マーチング祭,https://www.youtube.com/@marching-matsuri,
ライブ（チャプター）,スリークロスチーム,allure(アリュー),allure,o12tkphz,2024-05-03,【FINALS】2024 MIX3™️ / スリークロス  S｜2024/5/17,https://www.youtube.com/watch?v=e3Z7Xd8zkA4&t=13155s,マーチング祭,https://www.youtube.com/@marching-matsuri,
ライブ（チャプター）,スリークロスチーム,久住 俊介,久住 俊介,o1moxpav,2024-05-03,【FINALS】2024 MIX3™️ / スリークロス  S｜2024/5/18,https://www.youtube.com/watch?v=e3Z7Xd8zkA4&t=1295s,マーチング祭,https://www.youtube.com/@marching-matsuri,
ライブ（チャプター）,スリークロスチーム,Volare mini,Volare mini,o3s8nhg,2024-05-03,【FINALS】2024 MIX3™️ / スリークロス  S｜2024/5/19,https://www.youtube.com/watch?v=e3Z7Xd8zkA4&t=12868s,マーチング祭,https://www.youtube.com/@marching-matsuri,
ライブ（チャプター）,スリークロスチーム,Keys,"""Keys""",o1stc8b4,2024-05-03,【FINALS】2024 MIX3™️ / スリークロス  S｜2024/5/20,https://www.youtube.com/watch?v=e3Z7Xd8zkA4&t=12385s,マーチング祭,https://www.youtube.com/@marching-matsuri,
ライブ（チャプター）,スリークロスチーム,井上 こすず,井上 こすず,o1nnz60x,2024-05-03,【FINALS】2024 MIX3™️ / スリークロス  S｜2024/5/21,https://www.youtube.com/watch?v=e3Z7Xd8zkA4&t=11960s,マーチング祭,https://www.youtube.com/@marching-matsuri,
ライブ（チャプター）,スリークロスチーム,SENDAI Verdures,SENDAI Verdures,o126whaw,2024-04-21,2024 MIX3™️ / スリークロス 東北CS｜2024/4/21,https://www.youtube.com/watch?v=MOULqZtViHQ&t=7760s,マーチング祭,https://www.youtube.com/channel/UC4k9RWxkryjqTtQwkEo07Bg,
ライブ（チャプター）,スリークロスチーム,allure(アリュー),allure,o12tkphz,2024-04-21,2024 MIX3™️ / スリークロス 東北CS｜2024/4/21,https://www.youtube.com/watch?v=MOULqZtViHQ&t=6757s,マーチング祭,https://www.youtube.com/channel/UC4k9RWxkryjqTtQwkEo07Bg,
ライブ（チャプター）,スリークロスチーム,NGS48,NGS48,oh2yj5k,2024-04-21,2024 MIX3™️ / スリークロス 東北CS｜2024/4/21,https://www.youtube.com/watch?v=MOULqZtViHQ&t=6475s,マーチング祭,https://www.youtube.com/channel/UC4k9RWxkryjqTtQwkEo07Bg,
ライブ（チャプター）,スリークロスチーム,THE NOOOO FACE,THE NOOOO FACE,osleldm,2024-04-21,2024 MIX3™️ / スリークロス 東北CS｜2024/4/21,https://www.youtube.com/watch?v=MOULqZtViHQ&t=6080s,マーチング祭,https://www.youtube.com/channel/UC4k9RWxkryjqTtQwkEo07Bg,
ライブ（チャプター）,スリークロスチーム,SVCG thirty,SVCG thirty,oul0ijh,2024-04-21,2024 MIX3™️ / スリークロス 東北CS｜2024/4/21,https://www.youtube.com/watch?v=MOULqZtViHQ&t=5747s,マーチング祭,https://www.youtube.com/channel/UC4k9RWxkryjqTtQwkEo07Bg,
ライブ（チャプター）,スリークロスチーム,Guard Team Unity,Guard Team Unity,oxevvw7,2024-04-21,2024 MIX3™️ / スリークロス 東北CS｜2024/4/21,https://www.youtube.com/watch?v=MOULqZtViHQ&t=5428s,マーチング祭,https://www.youtube.com/channel/UC4k9RWxkryjqTtQwkEo07Bg,
ライブ（チャプター）,スリークロスチーム,iris,iris,o1ntqqhj,2024-04-21,2024 MIX3™️ / スリークロス 東北CS｜2024/4/21,https://www.youtube.com/watch?v=MOULqZtViHQ&t=510s,マーチング祭,https://www.youtube.com/channel/UC4k9RWxkryjqTtQwkEo07Bg,
ライブ（チャプター）,スリークロスチーム,DG 仲仔,DG 仲仔,o1nkg5jx,2024-04-21,2024 MIX3™️ / スリークロス 東北CS｜2024/4/21,https://www.youtube.com/watch?v=MOULqZtViHQ&t=5107s,マーチング祭,https://www.youtube.com/channel/UC4k9RWxkryjqTtQwkEo07Bg,
ライブ（チャプター）,スリークロスチーム,SVCG ピュリティ,SVCG ピュリティ,owyzilf,2024-04-21,2024 MIX3™️ / スリークロス 東北CS｜2024/4/21,https://www.youtube.com/watch?v=MOULqZtViHQ&t=4796s,マーチング祭,https://www.youtube.com/channel/UC4k9RWxkryjqTtQwkEo07Bg,
ライブ（チャプター）,スリークロスチーム,全日本打楽器同好会,全日本打楽器同好会,o1idykby,2024-04-21,2024 MIX3™️ / スリークロス 東北CS｜2024/4/21,https://www.youtube.com/watch?v=MOULqZtViHQ&t=4310s,マーチング祭,https://www.youtube.com/channel/UC4k9RWxkryjqTtQwkEo07Bg,
ライブ（チャプター）,スリークロスチーム,ふっきーず,ふっきーず,o1yvdpn9,2024-04-21,2024 MIX3™️ / スリークロス 東北CS｜2024/4/21,https://www.youtube.com/watch?v=MOULqZtViHQ&t=2868s,マーチング祭,https://www.youtube.com/channel/UC4k9RWxkryjqTtQwkEo07Bg,
ライブ（チャプター）,スリークロスチーム,Mii,Mii,o1g1glwh,2024-04-21,2024 MIX3™️ / スリークロス 東北CS｜2024/4/21,https://www.youtube.com/watch?v=MOULqZtViHQ&t=2472s,マーチング祭,https://www.youtube.com/channel/UC4k9RWxkryjqTtQwkEo07Bg,
ライブ（チャプター）,スリークロスチーム,ゆかとしぃ,ゆかとしぃ,o1en7uhv,2024-04-21,2024 MIX3™️ / スリークロス 東北CS｜2024/4/21,https://www.youtube.com/watch?v=MOULqZtViHQ&t=1988s,マーチング祭,https://www.youtube.com/channel/UC4k9RWxkryjqTtQwkEo07Bg,
ライブ（チャプター）,スリークロスチーム,笹原名津美,笹原名津美,o1283efg,2024-04-21,2024 MIX3™️ / スリークロス 東北CS｜2024/4/21,https://www.youtube.com/watch?v=MOULqZtViHQ&t=1605s,マーチング祭,https://www.youtube.com/channel/UC4k9RWxkryjqTtQwkEo07Bg,
ライブ（チャプター）,スリークロスチーム,チームわだ,チームわだ,offgjg0,2024-04-21,2024 MIX3™️ / スリークロス 東北CS｜2024/4/21,https://www.youtube.com/watch?v=MOULqZtViHQ&t=1280s,マーチング祭,https://www.youtube.com/channel/UC4k9RWxkryjqTtQwkEo07Bg,
ライブ（チャプター）,スリークロスチーム,allure(アリュー),allure,o12tkphz,2024-04-21,2024 MIX3™️ / スリークロス 東北CS｜2024/4/21,https://www.youtube.com/watch?v=MOULqZtViHQ&t=11481s,マーチング祭,https://www.youtube.com/channel/UC4k9RWxkryjqTtQwkEo07Bg,
ライブ（チャプター）,スリークロスチーム,THE NOOOO FACE,THE NOOOO FACE,osleldm,2024-04-21,2024 MIX3™️ / スリークロス 東北CS｜2024/4/21,https://www.youtube.com/watch?v=MOULqZtViHQ&t=11150s,マーチング祭,https://www.youtube.com/channel/UC4k9RWxkryjqTtQwkEo07Bg,
ライブ（チャプター）,スリークロスチーム,全日本打楽器同好会,全日本打楽器同好会,o1idykby,2024-04-21,2024 MIX3™️ / スリークロス 東北CS｜2024/4/21,https://www.youtube.com/watch?v=MOULqZtViHQ&t=10645s,マーチング祭,https://www.youtube.com/channel/UC4k9RWxkryjqTtQwkEo07Bg,
ライブ（チャプター）,スリークロスチーム,open 13:00 / start,,,2024-04-21,【東北】2024 MIX3™️ / スリークロス 東北CS｜2024/4/21,https://www.youtube.com/watch?v=AZO6nRojK70&t=810s,マーチング祭,https://www.youtube.com/@marching-matsuri,
ライブ（チャプター）,スリークロスチーム,<Untitled Chapter 1>,,,2024-04-21,【東北】2024 MIX3™️ / スリークロス 東北CS｜2024/4/21,https://www.youtube.com/watch?v=AZO6nRojK70&t=0s,マーチング祭,https://www.youtube.com/@marching-matsuri,
動画,スリークロスチーム,2024 MIX3™️ / スリークロス 関東CS｜2024/4/14,,,2024-04-16,2024 MIX3™️ / スリークロス 関東CS｜2024/4/14,https://www.youtube.com/watch?v=_-eTl4ATCns,マーチング祭,https://www.youtube.com/@marching-matsuri,
ライブ（チャプター）,スリークロスチーム,小堀直哉,小堀直哉,o1ab1pzs,2024-04-14,【関東】2024 MIX3™️ / スリークロス 関東CS｜2024/4/14,https://www.youtube.com/watch?v=Q4SdjlgUPU0&t=9960s,マーチング祭,https://www.youtube.com/@marching-matsuri,
ライブ（チャプター）,スリークロスチーム,JET SPHENE ALL Youth,JET SPHENE ALL Youth,o369yk0,2024-04-14,【関東】2024 MIX3™️ / スリークロス 関東CS｜2024/4/14,https://www.youtube.com/watch?v=Q4SdjlgUPU0&t=7285s,マーチング祭,https://www.youtube.com/@marching-matsuri,
ライブ（チャプター）,スリークロスチーム,allure,allure,o12tkphz,2024-04-14,【関東】2024 MIX3™️ / スリークロス 関東CS｜2024/4/14,https://www.youtube.com/watch?v=Q4SdjlgUPU0&t=6040s,マーチング祭,https://www.youtube.com/@marching-matsuri,
ライブ（チャプター）,スリークロスチーム,鵠沼高校マーチングバンド部 AlbireoNovaブラス,鵠沼高校マーチングバンド部 AlbireoNovaブラス,o19loxox,2024-04-14,【関東】2024 MIX3™️ / スリークロス 関東CS｜2024/4/14,https://www.youtube.com/watch?v=Q4SdjlgUPU0&t=5615s,マーチング祭,https://www.youtube.com/@marching-matsuri,
ライブ（チャプター）,スリークロスチーム,ハイ☆スター,ハイ☆スター,oz0o981,2024-04-14,【関東】2024 MIX3™️ / スリークロス 関東CS｜2024/4/14,https://www.youtube.com/watch?v=Q4SdjlgUPU0&t=5252s,マーチング祭,https://www.youtube.com/@marching-matsuri,
ライブ（チャプター）,スリークロスチーム,Tokyo Phoenix D&B Color Guard,Tokyo Phoenix D&B Color Guard,o3b54rj,2024-04-14,【関東】2024 MIX3™️ / スリークロス 関東CS｜2024/4/14,https://www.youtube.com/watch?v=Q4SdjlgUPU0&t=4870s,マーチング祭,https://www.youtube.com/@marching-matsuri,
ライブ（チャプター）,スリークロスチーム,鵠沼高校マーチングバンド部 AlbireoNovaカラーガード,鵠沼高校マーチングバンド部 AlbireoNovaカラーガード,o14d90ak,2024-04-14,【関東】2024 MIX3™️ / スリークロス 関東CS｜2024/4/14,https://www.youtube.com/watch?v=Q4SdjlgUPU0&t=4475s,マーチング祭,https://www.youtube.com/@marching-matsuri,
ライブ（チャプター）,スリークロスチーム,白谷組,白谷組,o1marxck,2024-04-14,【関東】2024 MIX3™️ / スリークロス 関東CS｜2024/4/14,https://www.youtube.com/watch?v=Q4SdjlgUPU0&t=3740s,マーチング祭,https://www.youtube.com/@marching-matsuri,
ライブ（チャプター）,スリークロスチーム,Splendore,Splendore,odxbtsu,2024-04-14,【関東】2024 MIX3™️ / スリークロス 関東CS｜2024/4/14,https://www.youtube.com/watch?v=Q4SdjlgUPU0&t=2275s,マーチング祭,https://www.youtube.com/@marching-matsuri,
ライブ（チャプター）,スリークロスチーム,湘南ドルフィンズ・マーチングバンド,湘南ドルフィンズ・マーチングバンド,o1nov4hn,2024-04-14,【関東】2024 MIX3™️ / スリークロス 関東CS｜2024/4/14,https://www.youtube.com/watch?v=Q4SdjlgUPU0&t=1940s,マーチング祭,https://www.youtube.com/@marching-matsuri,
ライブ（チャプター）,スリークロスチーム,小林 瑞季,小林 瑞季,oc01bet,2024-04-14,【関東】2024 MIX3™️ / スリークロス 関東CS｜2024/4/14,https://www.youtube.com/watch?v=Q4SdjlgUPU0&t=1727s,マーチング祭,https://www.youtube.com/@marching-matsuri,
ライブ（チャプター）,スリークロスチーム,小堀直哉,小堀直哉,o1ab1pzs,2024-04-14,【関東】2024 MIX3™️ / スリークロス 関東CS｜2024/4/14,https://www.youtube.com/watch?v=Q4SdjlgUPU0&t=1415s,マーチング祭,https://www.youtube.com/@marching-matsuri,
ライブ（チャプター）,スリークロスチーム,石川奈々,石川奈々,o1v561ir,2024-04-14,【関東】2024 MIX3™️ / スリークロス 関東CS｜2024/4/14,https://www.youtube.com/watch?v=Q4SdjlgUPU0&t=1118s,マーチング祭,https://www.youtube.com/@marching-matsuri,
ライブ（チャプター）,スリークロスチーム,allure,allure,o12tkphz,2024-04-14,【関東】2024 MIX3™️ / スリークロス 関東CS｜2024/4/14,https://www.youtube.com/watch?v=Q4SdjlgUPU0&t=11065s,マーチング祭,https://www.youtube.com/@marching-matsuri,
ライブ（チャプター）,スリークロスチーム,Splendore,Splendore,odxbtsu,2024-04-14,【関東】2024 MIX3™️ / スリークロス 関東CS｜2024/4/14,https://www.youtube.com/watch?v=Q4SdjlgUPU0&t=10685s,マーチング祭,https://www.youtube.com/@marching-matsuri,
ライブ（チャプター）,スリークロスチーム,鵠沼高校マーチングバンド部 AlbireoNovaブラス,鵠沼高校マーチングバンド部 AlbireoNovaブラス,o19loxox,2024-04-14,【関東】2024 MIX3™️ / スリークロス 関東CS｜2024/4/14,https://www.youtube.com/watch?v=Q4SdjlgUPU0&t=10290s,マーチング祭,https://www.youtube.com/@marching-matsuri,
ライブ（チャプター）,スリークロスチーム,2024 TEAM SOUTH,2024 TEAM SOUTH,o1hk0kqw,2024-04-13,【関西】2024 MIX3™️ / スリークロス 関西CS｜2024/4/13,https://www.youtube.com/watch?v=w9g9CJAKh80&t=9455s,マーチング祭,https://www.youtube.com/@marching-matsuri,
ライブ（チャプター）,スリークロスチーム,Novanicity,Novanicity,oyh2hos,2024-04-13,【関西】2024 MIX3™️ / スリークロス 関西CS｜2024/4/13,https://www.youtube.com/watch?v=w9g9CJAKh80&t=8910s,マーチング祭,https://www.youtube.com/@marching-matsuri,
ライブ（チャプター）,スリークロスチーム,京都外大西高等学校吹奏楽部,京都外大西高等学校吹奏楽部,o1d92of6,2024-04-13,【関西】2024 MIX3™️ / スリークロス 関西CS｜2024/4/13,https://www.youtube.com/watch?v=w9g9CJAKh80&t=8490s,マーチング祭,https://www.youtube.com/@marching-matsuri,
ライブ（チャプター）,スリークロスチーム,NARAGAKU Marching Band,NARAGAKU Marching Band,os4jm34,2024-04-13,【関西】2024 MIX3™️ / スリークロス 関西CS｜2024/4/13,https://www.youtube.com/watch?v=w9g9CJAKh80&t=5515s,マーチング祭,https://www.youtube.com/@marching-matsuri,
ライブ（チャプター）,スリークロスチーム,2024 TEAM SOUTH,2024 TEAM SOUTH,o1hk0kqw,2024-04-13,【関西】2024 MIX3™️ / スリークロス 関西CS｜2024/4/13,https://www.youtube.com/watch?v=w9g9CJAKh80&t=4320s,マーチング祭,https://www.youtube.com/@marching-matsuri,
ライブ（チャプター）,スリークロスチーム,Novanicity,Novanicity,oyh2hos,2024-04-13,【関西】2024 MIX3™️ / スリークロス 関西CS｜2024/4/13,https://www.youtube.com/watch?v=w9g9CJAKh80&t=3810s,マーチング祭,https://www.youtube.com/@marching-matsuri,
ライブ（チャプター）,スリークロスチーム,京都外大西高等学校吹奏楽部,京都外大西高等学校吹奏楽部,o1d92of6,2024-04-13,【関西】2024 MIX3™️ / スリークロス 関西CS｜2024/4/13,https://www.youtube.com/watch?v=w9g9CJAKh80&t=3405s,マーチング祭,https://www.youtube.com/@marching-matsuri,
ライブ（チャプター）,スリークロスチーム,ぎゃんやるばい!,ぎゃんやるばい!,o16qmn9s,2024-04-13,【関西】2024 MIX3™️ / スリークロス 関西CS｜2024/4/13,https://www.youtube.com/watch?v=w9g9CJAKh80&t=2959s,マーチング祭,https://www.youtube.com/@marching-matsuri,
ライブ（チャプター）,スリークロスチーム,白谷組,白谷組,o1marxck,2024-04-13,【関西】2024 MIX3™️ / スリークロス 関西CS｜2024/4/13,https://www.youtube.com/watch?v=w9g9CJAKh80&t=2684s,マーチング祭,https://www.youtube.com/@marching-matsuri,
ライブ（チャプター）,スリークロスチーム,kāua,kāua,o1bdb8aq,2024-04-13,【関西】2024 MIX3™️ / スリークロス 関西CS｜2024/4/13,https://www.youtube.com/watch?v=w9g9CJAKh80&t=1690s,マーチング祭,https://www.youtube.com/@marching-matsuri,
ライブ（チャプター）,スリークロスチーム,Yukky,Yukky,ooi0ejv,2024-04-13,【関西】2024 MIX3™️ / スリークロス 関西CS｜2024/4/13,https://www.youtube.com/watch?v=w9g9CJAKh80&t=1320s,マーチング祭,https://www.youtube.com/@marching-matsuri,
ライブ（チャプター）,スリークロスチーム,Chika,Chika,o49wg02,2024-04-13,【関西】2024 MIX3™️ / スリークロス 関西CS｜2024/4/13,https://www.youtube.com/watch?v=w9g9CJAKh80&t=1037s,マーチング祭,https://www.youtube.com/@marching-matsuri,
ライブ（チャプター）,スリークロスチーム,DG 仲仔,DG 仲仔,o1nkg5jx,2024-03-31,2024 MIX3™️ / スリークロス 山形OPEN｜2024/3/30,https://www.youtube.com/watch?v=6JSZmMiuooo&t=9070s,マーチング祭,https://www.youtube.com/channel/UC4k9RWxkryjqTtQwkEo07Bg,
ライブ（チャプター）,スリークロスチーム,チームわだ,チームわだ,offgjg0,2024-03-31,2024 MIX3™️ / スリークロス 山形OPEN｜2024/3/30,https://www.youtube.com/watch?v=6JSZmMiuooo&t=8797s,マーチング祭,https://www.youtube.com/channel/UC4k9RWxkryjqTtQwkEo07Bg,
ライブ（チャプター）,スリークロスチーム,榊 桃子,榊 桃子,oblyj95,2024-03-31,2024 MIX3™️ / スリークロス 山形OPEN｜2024/3/30,https://www.youtube.com/watch?v=6JSZmMiuooo&t=855s,マーチング祭,https://www.youtube.com/channel/UC4k9RWxkryjqTtQwkEo07Bg,
ライブ（チャプター）,スリークロスチーム,恥ずかしがり屋な長女達,恥ずかしがり屋な長女達,o1uqsisw,2024-03-31,2024 MIX3™️ / スリークロス 山形OPEN｜2024/3/30,https://www.youtube.com/watch?v=6JSZmMiuooo&t=8435s,マーチング祭,https://www.youtube.com/channel/UC4k9RWxkryjqTtQwkEo07Bg,
ライブ（チャプター）,スリークロスチーム,NGS48,NGS48,oh2yj5k,2024-03-31,2024 MIX3™️ / スリークロス 山形OPEN｜2024/3/30,https://www.youtube.com/watch?v=6JSZmMiuooo&t=8175s,マーチング祭,https://www.youtube.com/channel/UC4k9RWxkryjqTtQwkEo07Bg,
ライブ（チャプター）,スリークロスチーム,iris,iris,o1ntqqhj,2024-03-31,2024 MIX3™️ / スリークロス 山形OPEN｜2024/3/30,https://www.youtube.com/watch?v=6JSZmMiuooo&t=594s,マーチング祭,https://www.youtube.com/channel/UC4k9RWxkryjqTtQwkEo07Bg,
ライブ（チャプター）,スリークロスチーム,DER GLANZ,DER GLANZ,o7i5jml,2024-03-31,2024 MIX3™️ / スリークロス 山形OPEN｜2024/3/30,https://www.youtube.com/watch?v=6JSZmMiuooo&t=5655s,マーチング祭,https://www.youtube.com/channel/UC4k9RWxkryjqTtQwkEo07Bg,
ライブ（チャプター）,スリークロスチーム,DG 仲仔,DG 仲仔,o1nkg5jx,2024-03-31,2024 MIX3™️ / スリークロス 山形OPEN｜2024/3/30,https://www.youtube.com/watch?v=6JSZmMiuooo&t=4230s,マーチング祭,https://www.youtube.com/channel/UC4k9RWxkryjqTtQwkEo07Bg,
ライブ（チャプター）,スリークロスチーム,Keys,"""Keys""",o1stc8b4,2024-03-31,2024 MIX3™️ / スリークロス 山形OPEN｜2024/3/30,https://www.youtube.com/watch?v=6JSZmMiuooo&t=3810s,マーチング祭,https://www.youtube.com/channel/UC4k9RWxkryjqTtQwkEo07Bg,
ライブ（チャプター）,スリークロスチーム,NGS48,NGS48,oh2yj5k,2024-03-31,2024 MIX3™️ / スリークロス 山形OPEN｜2024/3/30,https://www.youtube.com/watch?v=6JSZmMiuooo&t=3414s,マーチング祭,https://www.youtube.com/channel/UC4k9RWxkryjqTtQwkEo07Bg,
ライブ（チャプター）,スリークロスチーム,ゆかとしぃ,ゆかとしぃ,o1en7uhv,2024-03-31,2024 MIX3™️ / スリークロス 山形OPEN｜2024/3/30,https://www.youtube.com/watch?v=6JSZmMiuooo&t=1753s,マーチング祭,https://www.youtube.com/channel/UC4k9RWxkryjqTtQwkEo07Bg,
ライブ（チャプター）,スリークロスチーム,恥ずかしがり屋な長女達,恥ずかしがり屋な長女達,o1uqsisw,2024-03-31,2024 MIX3™️ / スリークロス 山形OPEN｜2024/3/30,https://www.youtube.com/watch?v=6JSZmMiuooo&t=1445s,マーチング祭,https://www.youtube.com/channel/UC4k9RWxkryjqTtQwkEo07Bg,
ライブ（チャプター）,スリークロスチーム,チームわだ,チームわだ,offgjg0,2024-03-31,2024 MIX3™️ / スリークロス 山形OPEN｜2024/3/30,https://www.youtube.com/watch?v=6JSZmMiuooo&t=1190s,マーチング祭,https://www.youtube.com/channel/UC4k9RWxkryjqTtQwkEo07Bg,
ライブ（チャプター）,スリークロスチーム,THE FOCUS,THE FOCUS,o1iahfpj,2024-03-24,【東海】2024 MIX3™️ / スリークロス 東海Championships｜2024/3/24,https://www.youtube.com/watch?v=5yVvOl4jSLQ&t=7925s,マーチング祭,https://www.youtube.com/@marching-matsuri,
ライブ（チャプター）,スリークロスチーム,allure,allure,o12tkphz,2024-03-24,【東海】2024 MIX3™️ / スリークロス 東海Championships｜2024/3/24,https://www.youtube.com/watch?v=5yVvOl4jSLQ&t=6425s,マーチング祭,https://www.youtube.com/@marching-matsuri,
ライブ（チャプター）,スリークロスチーム,THE FOCUS Tenor Quartetto,THE FOCUS Tenor Quartetto,ov7gbvm,2024-03-24,【東海】2024 MIX3™️ / スリークロス 東海Championships｜2024/3/24,https://www.youtube.com/watch?v=5yVvOl4jSLQ&t=6083s,マーチング祭,https://www.youtube.com/@marching-matsuri,
ライブ（チャプター）,スリークロスチーム,Guard Team Bump,Guard Team Bump,o1r8p836,2024-03-24,【東海】2024 MIX3™️ / スリークロス 東海Championships｜2024/3/24,https://www.youtube.com/watch?v=5yVvOl4jSLQ&t=5623s,マーチング祭,https://www.youtube.com/@marching-matsuri,
ライブ（チャプター）,スリークロスチーム,THE FOCUS color guard,THE FOCUS color guard,o1tn3crh,2024-03-24,【東海】2024 MIX3™️ / スリークロス 東海Championships｜2024/3/24,https://www.youtube.com/watch?v=5yVvOl4jSLQ&t=5165s,マーチング祭,https://www.youtube.com/@marching-matsuri,
ライブ（チャプター）,スリークロスチーム,エルフリーデ,エルフリーデ,oc4mfaf,2024-03-24,【東海】2024 MIX3™️ / スリークロス 東海Championships｜2024/3/24,https://www.youtube.com/watch?v=5yVvOl4jSLQ&t=4768s,マーチング祭,https://www.youtube.com/@marching-matsuri,
ライブ（チャプター）,スリークロスチーム,Bluujua Colorguard,Bluujua Colorguard,o36c0q8,2024-03-24,【東海】2024 MIX3™️ / スリークロス 東海Championships｜2024/3/24,https://www.youtube.com/watch?v=5yVvOl4jSLQ&t=4460s,マーチング祭,https://www.youtube.com/@marching-matsuri,
ライブ（チャプター）,スリークロスチーム,各務野さくらマーチングバンド カラーガード,各務野さくらマーチングバンド カラーガード,oiafs27,2024-03-24,【東海】2024 MIX3™️ / スリークロス 東海Championships｜2024/3/24,https://www.youtube.com/watch?v=5yVvOl4jSLQ&t=4114s,マーチング祭,https://www.youtube.com/@marching-matsuri,
ライブ（チャプター）,スリークロスチーム,県立岐阜商業高校 Team Golden,県立岐阜商業高校 Team Golden,o1tb9r79,2024-03-24,【東海】2024 MIX3™️ / スリークロス 東海Championships｜2024/3/24,https://www.youtube.com/watch?v=5yVvOl4jSLQ&t=3770s,マーチング祭,https://www.youtube.com/@marching-matsuri,
ライブ（チャプター）,スリークロスチーム,県立岐阜商業高校 Queen,県立岐阜商業高校 Queen,o1famskd,2024-03-24,【東海】2024 MIX3™️ / スリークロス 東海Championships｜2024/3/24,https://www.youtube.com/watch?v=5yVvOl4jSLQ&t=3458s,マーチング祭,https://www.youtube.com/@marching-matsuri,
ライブ（チャプター）,スリークロスチーム,伊藤姉妹,伊藤姉妹,okolz98,2024-03-24,【東海】2024 MIX3™️ / スリークロス 東海Championships｜2024/3/24,https://www.youtube.com/watch?v=5yVvOl4jSLQ&t=2098s,マーチング祭,https://www.youtube.com/@marching-matsuri,
ライブ（チャプター）,スリークロスチーム,yuika,yuika,o1cnb4h9,2024-03-24,【東海】2024 MIX3™️ / スリークロス 東海Championships｜2024/3/24,https://www.youtube.com/watch?v=5yVvOl4jSLQ&t=1790s,マーチング祭,https://www.youtube.com/@marching-matsuri,
ライブ（チャプター）,スリークロスチーム,Haruka Maeno,Haruka Maeno,or6r2qo,2024-03-24,【東海】2024 MIX3™️ / スリークロス 東海Championships｜2024/3/24,https://www.youtube.com/watch?v=5yVvOl4jSLQ&t=1538s,マーチング祭,https://www.youtube.com/@marching-matsuri,
ライブ（チャプター）,スリークロスチーム,Mei Matsuo,Mei Matsuo,o1jn30a8,2024-03-24,【東海】2024 MIX3™️ / スリークロス 東海Championships｜2024/3/24,https://www.youtube.com/watch?v=5yVvOl4jSLQ&t=1309s,マーチング祭,https://www.youtube.com/@marching-matsuri,
ライブ（チャプター）,スリークロスチーム,Guard Team Bump,Guard Team Bump,o1r8p836,2024-03-24,【東海】2024 MIX3™️ / スリークロス 東海Championships｜2024/3/24,https://www.youtube.com/watch?v=5yVvOl4jSLQ&t=11004s,マーチング祭,https://www.youtube.com/@marching-matsuri,
ライブ（チャプター）,スリークロスチーム,エルフリーデ,エルフリーデ,oc4mfaf,2024-03-24,【東海】2024 MIX3™️ / スリークロス 東海Championships｜2024/3/24,https://www.youtube.com/watch?v=5yVvOl4jSLQ&t=10653s,マーチング祭,https://www.youtube.com/@marching-matsuri,
動画,スリークロスチーム,UNITY,UNITY,okm3yh9,2024-03-03,【UNITY】2023スリークロス東北OPEN｜Div.2 / CG,https://www.youtube.com/watch?v=9SQX1tdmxp0,マーチング祭,https://www.youtube.com/@marching-matsuri,
動画,マーチング団体等,Yokohama INSPIRES Alumni Drum&Bugle Corps,Yokohama INSPIRES Alumni Drum&Bugle Corps,o1hw02ly,2024-03-02,【Yokohama INSPIRES Alumni Drum&Bugle Corps】2023 MARCHING祭 東海オープン,https://www.youtube.com/watch?v=dPdUnAnPTbU,マーチング祭,https://www.youtube.com/@marching-matsuri,
動画,マーチング団体等,吉祥院ザウルス,吉祥院ザウルス,obs26x0,2024-02-23,【吉祥院ザウルス】2023 MARCHING祭 東海オープン｜Winners Show (Multi Cam),https://www.youtube.com/watch?v=dTt-AT4Ud5I,マーチング祭,https://www.youtube.com/@marching-matsuri,
動画,マーチング団体等,Yokohama INSPIRES Alumni Drum&Bugle Corps,Yokohama INSPIRES Alumni Drum&Bugle Corps,o1hw02ly,2024-02-23,【Yokohama INSPIRES Alumni Drum&Bugle Corps】2023 MARCHING祭  東海オープン｜Intermission performance,https://www.youtube.com/watch?v=PycGcBsoy78,マーチング祭,https://www.youtube.com/@marching-matsuri,
ライブ（チャプター）,スリークロスチーム,創価和歌山ブルーイーグルス パーカッション,創価和歌山ブルーイーグルス パーカッション,o4bogno,2024-02-18,【和歌山】2024 MIX3™️ / スリークロス 和歌山OPEN｜2024/2/18,https://www.youtube.com/watch?v=-VHdkyE0bvE&t=9990s,マーチング祭,https://www.youtube.com/@marching-matsuri,
ライブ（チャプター）,スリークロスチーム,C.J.T,C.J.T,o1bfx35b,2024-02-18,【和歌山】2024 MIX3™️ / スリークロス 和歌山OPEN｜2024/2/18,https://www.youtube.com/watch?v=-VHdkyE0bvE&t=9575s,マーチング祭,https://www.youtube.com/@marching-matsuri,
ライブ（チャプター）,スリークロスチーム,小川（ちいかわ）,小川（ちいかわ）,oh3ec3m,2024-02-18,【和歌山】2024 MIX3™️ / スリークロス 和歌山OPEN｜2024/2/18,https://www.youtube.com/watch?v=-VHdkyE0bvE&t=890s,マーチング祭,https://www.youtube.com/@marching-matsuri,
ライブ（チャプター）,スリークロスチーム,Starfish Band Activities (Can you dig it?),Starfish Band Activities,o1cocl6m,2024-02-18,【和歌山】2024 MIX3™️ / スリークロス 和歌山OPEN｜2024/2/18,https://www.youtube.com/watch?v=-VHdkyE0bvE&t=7530s,マーチング祭,https://www.youtube.com/@marching-matsuri,
ライブ（チャプター）,スリークロスチーム,Starfish Band Activities (Close to you),Starfish Band Activities,o1cocl6m,2024-02-18,【和歌山】2024 MIX3™️ / スリークロス 和歌山OPEN｜2024/2/18,https://www.youtube.com/watch?v=-VHdkyE0bvE&t=6770s,マーチング祭,https://www.youtube.com/@marching-matsuri,
ライブ（チャプター）,スリークロスチーム,創価和歌山ブルーイーグルス パーカッション,創価和歌山ブルーイーグルス パーカッション,o4bogno,2024-02-18,【和歌山】2024 MIX3™️ / スリークロス 和歌山OPEN｜2024/2/18,https://www.youtube.com/watch?v=-VHdkyE0bvE&t=4814s,マーチング祭,https://www.youtube.com/@marching-matsuri,
ライブ（チャプター）,スリークロスチーム,UNGスネア アンサンブル,UNGスネア アンサンブル,o1xpqpv8,2024-02-18,【和歌山】2024 MIX3™️ / スリークロス 和歌山OPEN｜2024/2/18,https://www.youtube.com/watch?v=-VHdkyE0bvE&t=4507s,マーチング祭,https://www.youtube.com/@marching-matsuri,
ライブ（チャプター）,スリークロスチーム,ひとでくらぶ,ひとでくらぶ,o1a019sn,2024-02-18,【和歌山】2024 MIX3™️ / スリークロス 和歌山OPEN｜2024/2/18,https://www.youtube.com/watch?v=-VHdkyE0bvE&t=4125s,マーチング祭,https://www.youtube.com/@marching-matsuri,
ライブ（チャプター）,スリークロスチーム,きらきら星（ひとで）,きらきら星（ひとで）,om8rv7l,2024-02-18,【和歌山】2024 MIX3™️ / スリークロス 和歌山OPEN｜2024/2/18,https://www.youtube.com/watch?v=-VHdkyE0bvE&t=3737s,マーチング祭,https://www.youtube.com/@marching-matsuri,
ライブ（チャプター）,スリークロスチーム,創価和歌山ブルーイーグルス ブラスパート,創価和歌山ブルーイーグルス ブラスパート,o15fkdzl,2024-02-18,【和歌山】2024 MIX3™️ / スリークロス 和歌山OPEN｜2024/2/18,https://www.youtube.com/watch?v=-VHdkyE0bvE&t=3415s,マーチング祭,https://www.youtube.com/@marching-matsuri,
ライブ（チャプター）,スリークロスチーム,Stellamaris Color Guard,Stellamaris Color Guard,o15y440a,2024-02-18,【和歌山】2024 MIX3™️ / スリークロス 和歌山OPEN｜2024/2/18,https://www.youtube.com/watch?v=-VHdkyE0bvE&t=3070s,マーチング祭,https://www.youtube.com/@marching-matsuri,
ライブ（チャプター）,スリークロスチーム,創価和歌山ブルーイーグルス カラーガード,創価和歌山ブルーイーグルス カラーガード,o124muvt,2024-02-18,【和歌山】2024 MIX3™️ / スリークロス 和歌山OPEN｜2024/2/18,https://www.youtube.com/watch?v=-VHdkyE0bvE&t=2780s,マーチング祭,https://www.youtube.com/@marching-matsuri,
ライブ（チャプター）,スリークロスチーム,ばりちゅ。,ばりちゅ。,olugj9y,2024-02-18,【和歌山】2024 MIX3™️ / スリークロス 和歌山OPEN｜2024/2/18,https://www.youtube.com/watch?v=-VHdkyE0bvE&t=1790s,マーチング祭,https://www.youtube.com/@marching-matsuri,
ライブ（チャプター）,スリークロスチーム,C.J.T,C.J.T,o1bfx35b,2024-02-18,【和歌山】2024 MIX3™️ / スリークロス 和歌山OPEN｜2024/2/18,https://www.youtube.com/watch?v=-VHdkyE0bvE&t=1490s,マーチング祭,https://www.youtube.com/@marching-matsuri,
ライブ（チャプター）,スリークロスチーム,いっちゃん,いっちゃん,o50q1a2,2024-02-18,【和歌山】2024 MIX3™️ / スリークロス 和歌山OPEN｜2024/2/18,https://www.youtube.com/watch?v=-VHdkyE0bvE&t=1200s,マーチング祭,https://www.youtube.com/@marching-matsuri,
ライブ（チャプター）,スリークロスチーム,Stellamaris Color Guard,Stellamaris Color Guard,o15y440a,2024-02-18,【和歌山】2024 MIX3™️ / スリークロス 和歌山OPEN｜2024/2/18,https://www.youtube.com/watch?v=-VHdkyE0bvE&t=10910s,マーチング祭,https://www.youtube.com/@marching-matsuri,
ライブ（チャプター）,スリークロスチーム,ひとでくらぶ,ひとでくらぶ,o1a019sn,2024-02-18,【和歌山】2024 MIX3™️ / スリークロス 和歌山OPEN｜2024/2/18,https://www.youtube.com/watch?v=-VHdkyE0bvE&t=10470s,マーチング祭,https://www.youtube.com/@marching-matsuri,
動画,マーチング団体等,after movie,,,2024-02-08,【after movie】2024 ColorGuard Creative Camp,https://www.youtube.com/watch?v=82H7ijtY2eY,マーチング祭,https://www.youtube.com/@marching-matsuri,
動画,マーチング団体等,after movie,,,2024-01-04,【after movie】2023 MARCHING祭 東海OPEN,https://www.youtube.com/watch?v=QXI66Oyxkk8,マーチング祭,https://www.youtube.com/@marching-matsuri,
動画,マーチング団体等,after movie,,,2023-12-29,【after movie】2023 MARCHING祭 岐阜Show Case,https://www.youtube.com/watch?v=S7Bviy4vFnA,マーチング祭,https://www.youtube.com/@marching-matsuri,
動画,マーチング団体等,豊田市ジュニアマーチングバンド TOYOTA Illusion Magic,豊田市ジュニアマーチングバンド TOYOTA Illusion Magic,o12vmpqi,2023-12-29,【豊田市ジュニアマーチングバンド TOYOTA Illusion Magic】2023 MARCHING祭  東海オープン,https://www.youtube.com/watch?v=4Cy7rQfJcBs,マーチング祭,https://www.youtube.com/@marching-matsuri,
動画,マーチング団体等,東海,,,2023-12-02,【東海】2023 MARCHING祭  東海オープン｜2023/11/25,https://www.youtube.com/watch?v=qNjWtHLhZtY,マーチング祭,https://www.youtube.com/@marching-matsuri,
動画,マーチング団体等,湘南台高校吹奏楽部 White Shooting Stars,神奈川県立湘南台高等学校吹奏楽部 White Shooting Stars,o1k1vb1f,2023-11-11,【湘南台高校吹奏楽部 White Shooting Stars】2023 湘南藤沢OPEN | Winners Show（multi cam）,https://www.youtube.com/watch?v=zJ2Pb_WQ7qQ,マーチング祭,https://www.youtube.com/@marching-matsuri,
動画,マーチング団体等,YOKOHAMA ROBINS,YOKOHAMA ROBINS,ovg4zxc,2023-11-11,【YOKOHAMA ROBINS 】2023 湘南藤沢OPEN| Winners Show（multi cam）,https://www.youtube.com/watch?v=Rvk2VSECJvc,マーチング祭,https://www.youtube.com/@marching-matsuri,
動画,マーチング団体等,横浜市立下野庭小学校マーチングバンド,横浜市立下野庭小学校マーチングバンド,o1645od7,2023-11-10,【横浜市立下野庭小学校マーチングバンド】2023 湘南藤沢OPEN｜（multi cam）,https://www.youtube.com/watch?v=vQT6PqLpQsQ,マーチング祭,https://www.youtube.com/@marching-matsuri,
動画,マーチング団体等,湘南ドルフィンズ・マーチングバンド,湘南ドルフィンズ・マーチングバンド,o1nov4hn,2023-11-10,【湘南ドルフィンズ・マーチングバンド】2023 湘南藤沢OPEN｜（multi cam）,https://www.youtube.com/watch?v=qfJF1rGwZcI,マーチング祭,https://www.youtube.com/@marching-matsuri,
動画,マーチング団体等,横浜市立本郷小学校マーチングバンド,横浜市立本郷小学校マーチングバンド,ow3khum,2023-11-10,【横浜市立本郷小学校マーチングバンド】2023 湘南藤沢OPEN｜（multi cam）,https://www.youtube.com/watch?v=pP4covVipWs,マーチング祭,https://www.youtube.com/@marching-matsuri,
動画,マーチング団体等,鵠沼高校マーチングバンド部 AlbireoNova,鵠沼高等学校マーチングバンド部 AlbireoNova,o16mgkws,2023-11-10,【鵠沼高校マーチングバンド部 AlbireoNova】2023 湘南藤沢OPEN ｜（multi cam）,https://www.youtube.com/watch?v=mQji9BbOGgc,マーチング祭,https://www.youtube.com/@marching-matsuri,
動画,マーチング団体等,横浜市立平安小学校マーチングバンド,横浜市立平安小学校マーチングバンド,o1j4wmu9,2023-11-10,【横浜市立平安小学校マーチングバンド】2023 湘南藤沢OPEN｜（multi cam）,https://www.youtube.com/watch?v=hVEyiTmbYec,マーチング祭,https://www.youtube.com/@marching-matsuri,
動画,マーチング団体等,横浜市立西谷中学校マーチングバンド部 Splash Hearts,横浜市立西谷中学校マーチングバンド部 Splash Hearts,o132xu6b,2023-11-10,【横浜市立西谷中学校マーチングバンド部 Splash Hearts】2023 湘南藤沢OPEN｜（multi cam）,https://www.youtube.com/watch?v=ZXhVNa9_57I,マーチング祭,https://www.youtube.com/@marching-matsuri,
動画,マーチング団体等,横浜市ジュニアマーチングバンドBayWind,横浜市ジュニアマーチングバンドBayWind,o1d3q5pq,2023-11-10,【横浜市ジュニアマーチングバンドBayWind】2023 湘南藤沢OPEN ｜（multi cam）,https://www.youtube.com/watch?v=SztXRCrEE_M,マーチング祭,https://www.youtube.com/@marching-matsuri,
動画,マーチング団体等,"綾北""Mercury winds""","綾北""Mercury winds""",ocfxnxr,2023-11-10,"【綾北""Mercury winds""】2023 湘南藤沢OPEN｜（multi cam）",https://www.youtube.com/watch?v=DdbZ_DPxsJs,マーチング祭,https://www.youtube.com/@marching-matsuri,
動画,マーチング団体等,The Infinity,The Infinity,o178oclp,2023-11-10,【The Infinity】2023 湘南藤沢OPEN｜（multi cam）,https://www.youtube.com/watch?v=DP_ZhrPH0B8,マーチング祭,https://www.youtube.com/@marching-matsuri,
動画,マーチング団体等,横浜市立三保小学校ハミングバード,横浜市立三保小学校ハミングバード,o1nbghs7,2023-11-09,【横浜市立三保小学校ハミングバード】2023 湘南藤沢OPEN｜（multi cam）,https://www.youtube.com/watch?v=4EIkq4u_lRE,マーチング祭,https://www.youtube.com/@marching-matsuri,
動画,マーチング団体等,湘南台高校吹奏楽部 White Shooting Stars,神奈川県立湘南台高等学校吹奏楽部 White Shooting Stars,o1k1vb1f,2023-09-29,【湘南台高校吹奏楽部 White Shooting Stars】2023 湘南藤沢OPEN / SHONAN FUJISAWA OPEN｜（multi cam）,https://www.youtube.com/watch?v=46pA3r9fc3o,マーチング祭,https://www.youtube.com/@marching-matsuri,
動画,マーチング団体等,YOKOHAMA ROBINS,YOKOHAMA ROBINS,ovg4zxc,2023-09-27,【YOKOHAMA ROBINS】2023 湘南藤沢OPEN / SHONAN FUJISAWA OPEN｜（multi cam）,https://www.youtube.com/watch?v=S2oiavIkSKE,マーチング祭,https://www.youtube.com/@marching-matsuri,
ライブ（チャプター）,マーチング団体等,YOKOHAMA ROBINS,YOKOHAMA ROBINS,ovg4zxc,2023-09-23,【湘南藤沢】2023 MARCHING祭  湘南藤沢オープン｜2023/9/23,https://www.youtube.com/watch?v=Ro5Dka1qwTE&t=9358s,マーチング祭,https://www.youtube.com/@marching-matsuri,
ライブ（チャプター）,マーチング団体等,湘南台高校吹奏楽部 White Shooting Stars,神奈川県立湘南台高等学校吹奏楽部 White Shooting Stars,o1k1vb1f,2023-09-23,【湘南藤沢】2023 MARCHING祭  湘南藤沢オープン｜2023/9/23,https://www.youtube.com/watch?v=Ro5Dka1qwTE&t=8738s,マーチング祭,https://www.youtube.com/@marching-matsuri,
ライブ（チャプター）,マーチング団体等,鵠沼高校マーチングバンド部 AlbireoNova,鵠沼高等学校マーチングバンド部 AlbireoNova,o16mgkws,2023-09-23,【湘南藤沢】2023 MARCHING祭  湘南藤沢オープン｜2023/9/23,https://www.youtube.com/watch?v=Ro5Dka1qwTE&t=7945s,マーチング祭,https://www.youtube.com/@marching-matsuri,
ライブ（チャプター）,マーチング団体等,"綾北""Mercury winds""","綾北""Mercury winds""",ocfxnxr,2023-09-23,【湘南藤沢】2023 MARCHING祭  湘南藤沢オープン｜2023/9/23,https://www.youtube.com/watch?v=Ro5Dka1qwTE&t=7325s,マーチング祭,https://www.youtube.com/@marching-matsuri,
ライブ（チャプター）,マーチング団体等,横浜市立西谷中学校マーチングバンド部 Splash Hearts,横浜市立西谷中学校マーチングバンド部 Splash Hearts,o132xu6b,2023-09-23,【湘南藤沢】2023 MARCHING祭  湘南藤沢オープン｜2023/9/23,https://www.youtube.com/watch?v=Ro5Dka1qwTE&t=6725s,マーチング祭,https://www.youtube.com/@marching-matsuri,
ライブ（チャプター）,マーチング団体等,湘南ドルフィンズ・マーチングバンド,湘南ドルフィンズ・マーチングバンド,o1nov4hn,2023-09-23,【湘南藤沢】2023 MARCHING祭  湘南藤沢オープン｜2023/9/23,https://www.youtube.com/watch?v=Ro5Dka1qwTE&t=4903s,マーチング祭,https://www.youtube.com/@marching-matsuri,
ライブ（チャプター）,マーチング団体等,横浜市立下野庭小学校マーチングバンド,横浜市立下野庭小学校マーチングバンド,o1645od7,2023-09-23,【湘南藤沢】2023 MARCHING祭  湘南藤沢オープン｜2023/9/23,https://www.youtube.com/watch?v=Ro5Dka1qwTE&t=4175s,マーチング祭,https://www.youtube.com/@marching-matsuri,
ライブ（チャプター）,マーチング団体等,横浜市立平安小学校マーチングバンド,横浜市立平安小学校マーチングバンド,o1j4wmu9,2023-09-23,【湘南藤沢】2023 MARCHING祭  湘南藤沢オープン｜2023/9/23,https://www.youtube.com/watch?v=Ro5Dka1qwTE&t=3604s,マーチング祭,https://www.youtube.com/@marching-matsuri,
ライブ（チャプター）,マーチング団体等,横浜市立本郷小学校マーチングバンド,横浜市立本郷小学校マーチングバンド,ow3khum,2023-09-23,【湘南藤沢】2023 MARCHING祭  湘南藤沢オープン｜2023/9/23,https://www.youtube.com/watch?v=Ro5Dka1qwTE&t=3095s,マーチング祭,https://www.youtube.com/@marching-matsuri,
ライブ（チャプター）,マーチング団体等,横浜市ジュニアマーチングバンド BayWind,横浜市ジュニアマーチングバンドBayWind,o1d3q5pq,2023-09-23,【湘南藤沢】2023 MARCHING祭  湘南藤沢オープン｜2023/9/23,https://www.youtube.com/watch?v=Ro5Dka1qwTE&t=2475s,マーチング祭,https://www.youtube.com/@marching-matsuri,
ライブ（チャプター）,マーチング団体等,横浜市立三保小学校ハミングバード,横浜市立三保小学校ハミングバード,o1nbghs7,2023-09-23,【湘南藤沢】2023 MARCHING祭  湘南藤沢オープン｜2023/9/23,https://www.youtube.com/watch?v=Ro5Dka1qwTE&t=1969s,マーチング祭,https://www.youtube.com/@marching-matsuri,
ライブ（チャプター）,マーチング団体等,湘南台高校吹奏楽部 White Shooting Stars,神奈川県立湘南台高等学校吹奏楽部 White Shooting Stars,o1k1vb1f,2023-09-23,【湘南藤沢】2023 MARCHING祭  湘南藤沢オープン｜2023/9/23,https://www.youtube.com/watch?v=Ro5Dka1qwTE&t=15772s,マーチング祭,https://www.youtube.com/@marching-matsuri,
ライブ（チャプター）,マーチング団体等,YOKOHAMA ROBINS,YOKOHAMA ROBINS,ovg4zxc,2023-09-23,【湘南藤沢】2023 MARCHING祭  湘南藤沢オープン｜2023/9/23,https://www.youtube.com/watch?v=Ro5Dka1qwTE&t=14949s,マーチング祭,https://www.youtube.com/@marching-matsuri,
ライブ（チャプター）,マーチング団体等,The Infinity,The Infinity,o178oclp,2023-09-23,【湘南藤沢】2023 MARCHING祭  湘南藤沢オープン｜2023/9/23,https://www.youtube.com/watch?v=Ro5Dka1qwTE&t=10089s,マーチング祭,https://www.youtube.com/@marching-matsuri,
動画,スリークロスチーム,REACT,REACT,o12fuyev,2023-06-02,【REACT】2023スリークロス横須賀 ｜Div.2 / CG｜THE MOST ATTRACTIVE SHOW,https://www.youtube.com/watch?v=OBLWKw0SHos,マーチング祭,https://www.youtube.com/@marching-matsuri,
動画,スリークロスチーム,Splendore,Splendore,odxbtsu,2023-05-21,【Splendore】2023スリークロス横須賀 ｜Div.2 / CG,https://www.youtube.com/watch?v=efHBnZzwHy0,マーチング祭,https://www.youtube.com/@marching-matsuri,
動画,スリークロスチーム,allure,allure,o12tkphz,2023-05-18,【allure】2023スリークロス横須賀 ｜Div.2 / Winds｜審査員特別賞,https://www.youtube.com/watch?v=8KMDhNI1OoQ,マーチング祭,https://www.youtube.com/@marching-matsuri,
ライブ（チャプター）,スリークロスチーム,チームわだ,チームわだ,offgjg0,2023-05-08,【東北】2023スリークロス東北OPEN｜HighCam,https://www.youtube.com/watch?v=0eOCMUT6owc&t=815s,マーチング祭,https://www.youtube.com/channel/UC4k9RWxkryjqTtQwkEo07Bg,
ライブ（チャプター）,スリークロスチーム,Mii,Mii,o1g1glwh,2023-05-08,【東北】2023スリークロス東北OPEN｜HighCam,https://www.youtube.com/watch?v=0eOCMUT6owc&t=608s,マーチング祭,https://www.youtube.com/channel/UC4k9RWxkryjqTtQwkEo07Bg,
ライブ（チャプター）,スリークロスチーム,【Winners' Show】allure,allure,o12tkphz,2023-05-08,【東北】2023スリークロス東北OPEN｜HighCam,https://www.youtube.com/watch?v=0eOCMUT6owc&t=4319s,マーチング祭,https://www.youtube.com/channel/UC4k9RWxkryjqTtQwkEo07Bg,
ライブ（チャプター）,スリークロスチーム,【Winners' Show】Guard Team Unity,Guard Team Unity,oxevvw7,2023-05-08,【東北】2023スリークロス東北OPEN｜HighCam,https://www.youtube.com/watch?v=0eOCMUT6owc&t=4120s,マーチング祭,https://www.youtube.com/channel/UC4k9RWxkryjqTtQwkEo07Bg,
ライブ（チャプター）,スリークロスチーム,太田しおり,太田しおり,o1pk9fzz,2023-05-08,【東北】2023スリークロス東北OPEN｜HighCam,https://www.youtube.com/watch?v=0eOCMUT6owc&t=395s,マーチング祭,https://www.youtube.com/channel/UC4k9RWxkryjqTtQwkEo07Bg,
ライブ（チャプター）,スリークロスチーム,【Winners' Show】井上 こすず,井上 こすず,o1nnz60x,2023-05-08,【東北】2023スリークロス東北OPEN｜HighCam,https://www.youtube.com/watch?v=0eOCMUT6owc&t=3919s,マーチング祭,https://www.youtube.com/channel/UC4k9RWxkryjqTtQwkEo07Bg,
ライブ（チャプター）,スリークロスチーム,SENDAI Verdures,SENDAI Verdures,o126whaw,2023-05-08,【東北】2023スリークロス東北OPEN｜HighCam,https://www.youtube.com/watch?v=0eOCMUT6owc&t=3273s,マーチング祭,https://www.youtube.com/channel/UC4k9RWxkryjqTtQwkEo07Bg,
ライブ（チャプター）,スリークロスチーム,allure,allure,o12tkphz,2023-05-08,【東北】2023スリークロス東北OPEN｜HighCam,https://www.youtube.com/watch?v=0eOCMUT6owc&t=3042s,マーチング祭,https://www.youtube.com/channel/UC4k9RWxkryjqTtQwkEo07Bg,
ライブ（チャプター）,スリークロスチーム,チームわだ 三軍,チームわだ 三軍,o1ycpz42,2023-05-08,【東北】2023スリークロス東北OPEN｜HighCam,https://www.youtube.com/watch?v=0eOCMUT6owc&t=2812s,マーチング祭,https://www.youtube.com/channel/UC4k9RWxkryjqTtQwkEo07Bg,
ライブ（チャプター）,スリークロスチーム,"DER GLANZ Brass Ensemble ""Keys""","""Keys""",o12gg2ut,2023-05-08,【東北】2023スリークロス東北OPEN｜HighCam,https://www.youtube.com/watch?v=0eOCMUT6owc&t=2534s,マーチング祭,https://www.youtube.com/channel/UC4k9RWxkryjqTtQwkEo07Bg,
ライブ（チャプター）,スリークロスチーム,SV チョイナ,SV チョイナ,o1aa1rhl,2023-05-08,【東北】2023スリークロス東北OPEN｜HighCam,https://www.youtube.com/watch?v=0eOCMUT6owc&t=2313s,マーチング祭,https://www.youtube.com/channel/UC4k9RWxkryjqTtQwkEo07Bg,
ライブ（チャプター）,スリークロスチーム,"din from ""allure""","din from ""allure""",o469zea,2023-05-08,【東北】2023スリークロス東北OPEN｜HighCam,https://www.youtube.com/watch?v=0eOCMUT6owc&t=219s,マーチング祭,https://www.youtube.com/channel/UC4k9RWxkryjqTtQwkEo07Bg,
ライブ（チャプター）,スリークロスチーム,チームわだ 二軍,チームわだ 二軍,o1xb0vzv,2023-05-08,【東北】2023スリークロス東北OPEN｜HighCam,https://www.youtube.com/watch?v=0eOCMUT6owc&t=1961s,マーチング祭,https://www.youtube.com/channel/UC4k9RWxkryjqTtQwkEo07Bg,
ライブ（チャプター）,スリークロスチーム,DG AGASUKE,DG AGASUKE,o1dpwmkm,2023-05-08,【東北】2023スリークロス東北OPEN｜HighCam,https://www.youtube.com/watch?v=0eOCMUT6owc&t=1728s,マーチング祭,https://www.youtube.com/channel/UC4k9RWxkryjqTtQwkEo07Bg,
ライブ（チャプター）,スリークロスチーム,Guard Team Unity,Guard Team Unity,oxevvw7,2023-05-08,【東北】2023スリークロス東北OPEN｜HighCam,https://www.youtube.com/watch?v=0eOCMUT6owc&t=1529s,マーチング祭,https://www.youtube.com/channel/UC4k9RWxkryjqTtQwkEo07Bg,
ライブ（チャプター）,スリークロスチーム,二十歳の集い,二十歳の集い,o5222po,2023-05-08,【東北】2023スリークロス東北OPEN｜HighCam,https://www.youtube.com/watch?v=0eOCMUT6owc&t=1250s,マーチング祭,https://www.youtube.com/channel/UC4k9RWxkryjqTtQwkEo07Bg,
ライブ（チャプター）,スリークロスチーム,井上 こすず,井上 こすず,o1nnz60x,2023-05-08,【東北】2023スリークロス東北OPEN｜HighCam,https://www.youtube.com/watch?v=0eOCMUT6owc&t=1054s,マーチング祭,https://www.youtube.com/channel/UC4k9RWxkryjqTtQwkEo07Bg,
ライブ（チャプター）,スリークロスチーム,"The Trumping from ""allure""","The Trumping from ""allure""",oee8g64,2023-05-08,【東北】2023スリークロス東北OPEN｜HighCam,https://www.youtube.com/watch?v=0eOCMUT6owc&t=0s,マーチング祭,https://www.youtube.com/channel/UC4k9RWxkryjqTtQwkEo07Bg,
動画,スリークロスチーム,井上 こすず,井上 こすず,o1nnz60x,2023-05-07,【井上 こすず】2023スリークロス東北OPEN｜井上 こすず｜Div.3 / CG｜WinnersShow,https://www.youtube.com/watch?v=YerBdkzH5-g,マーチング祭,https://www.youtube.com/@marching-matsuri,
ライブ（チャプター）,スリークロスチーム,【Winners' Show】井上 こすず（途中から）,,,2023-05-07,【東北】2023 MIX3™️ / スリークロス 東北OPEN｜2023/5/7,https://www.youtube.com/watch?v=ND1_ZiGRoqo&t=9948s,マーチング祭,https://www.youtube.com/channel/UC4k9RWxkryjqTtQwkEo07Bg,
ライブ（チャプター）,スリークロスチーム,"The Trumping from ""allure""","The Trumping from ""allure""",oee8g64,2023-05-07,【東北】2023 MIX3™️ / スリークロス 東北OPEN｜2023/5/7,https://www.youtube.com/watch?v=ND1_ZiGRoqo&t=913s,マーチング祭,https://www.youtube.com/channel/UC4k9RWxkryjqTtQwkEo07Bg,
ライブ（チャプター）,スリークロスチーム,SENDAI Verdures,SENDAI Verdures,o126whaw,2023-05-07,【東北】2023 MIX3™️ / スリークロス 東北OPEN｜2023/5/7,https://www.youtube.com/watch?v=ND1_ZiGRoqo&t=6632s,マーチング祭,https://www.youtube.com/channel/UC4k9RWxkryjqTtQwkEo07Bg,
ライブ（チャプター）,スリークロスチーム,演奏終了,,,2023-05-07,【東北】2023 MIX3™️ / スリークロス 東北OPEN｜2023/5/7,https://www.youtube.com/watch?v=ND1_ZiGRoqo&t=6455s,マーチング祭,https://www.youtube.com/channel/UC4k9RWxkryjqTtQwkEo07Bg,
ライブ（チャプター）,スリークロスチーム,allure,allure,o12tkphz,2023-05-07,【東北】2023 MIX3™️ / スリークロス 東北OPEN｜2023/5/7,https://www.youtube.com/watch?v=ND1_ZiGRoqo&t=6201s,マーチング祭,https://www.youtube.com/channel/UC4k9RWxkryjqTtQwkEo07Bg,
ライブ（チャプター）,スリークロスチーム,チームわだ 三軍,チームわだ 三軍,o1ycpz42,2023-05-07,【東北】2023 MIX3™️ / スリークロス 東北OPEN｜2023/5/7,https://www.youtube.com/watch?v=ND1_ZiGRoqo&t=5859s,マーチング祭,https://www.youtube.com/channel/UC4k9RWxkryjqTtQwkEo07Bg,
ライブ（チャプター）,スリークロスチーム,"DER GLANZ Brass Ensemble ""Keys""","""Keys""",o12gg2ut,2023-05-07,【東北】2023 MIX3™️ / スリークロス 東北OPEN｜2023/5/7,https://www.youtube.com/watch?v=ND1_ZiGRoqo&t=5436s,マーチング祭,https://www.youtube.com/channel/UC4k9RWxkryjqTtQwkEo07Bg,
ライブ（チャプター）,スリークロスチーム,SV チョイナ,SV チョイナ,o1aa1rhl,2023-05-07,【東北】2023 MIX3™️ / スリークロス 東北OPEN｜2023/5/7,https://www.youtube.com/watch?v=ND1_ZiGRoqo&t=5098s,マーチング祭,https://www.youtube.com/channel/UC4k9RWxkryjqTtQwkEo07Bg,
ライブ（チャプター）,スリークロスチーム,チームわだ 二軍,チームわだ 二軍,o1xb0vzv,2023-05-07,【東北】2023 MIX3™️ / スリークロス 東北OPEN｜2023/5/7,https://www.youtube.com/watch?v=ND1_ZiGRoqo&t=4734s,マーチング祭,https://www.youtube.com/channel/UC4k9RWxkryjqTtQwkEo07Bg,
ライブ（チャプター）,スリークロスチーム,DG AGASUKE,DG AGASUKE,o1dpwmkm,2023-05-07,【東北】2023 MIX3™️ / スリークロス 東北OPEN｜2023/5/7,https://www.youtube.com/watch?v=ND1_ZiGRoqo&t=4319s,マーチング祭,https://www.youtube.com/channel/UC4k9RWxkryjqTtQwkEo07Bg,
ライブ（チャプター）,スリークロスチーム,Guard Team Unity,Guard Team Unity,oxevvw7,2023-05-07,【東北】2023 MIX3™️ / スリークロス 東北OPEN｜2023/5/7,https://www.youtube.com/watch?v=ND1_ZiGRoqo&t=3949s,マーチング祭,https://www.youtube.com/channel/UC4k9RWxkryjqTtQwkEo07Bg,
ライブ（チャプター）,スリークロスチーム,二十歳の集い,二十歳の集い,o5222po,2023-05-07,【東北】2023 MIX3™️ / スリークロス 東北OPEN｜2023/5/7,https://www.youtube.com/watch?v=ND1_ZiGRoqo&t=3542s,マーチング祭,https://www.youtube.com/channel/UC4k9RWxkryjqTtQwkEo07Bg,
ライブ（チャプター）,スリークロスチーム,開幕！,,,2023-05-07,【東北】2023 MIX3™️ / スリークロス 東北OPEN｜2023/5/7,https://www.youtube.com/watch?v=ND1_ZiGRoqo&t=339s,マーチング祭,https://www.youtube.com/channel/UC4k9RWxkryjqTtQwkEo07Bg,
ライブ（チャプター）,スリークロスチーム,井上 こすず,井上 こすず,o1nnz60x,2023-05-07,【東北】2023 MIX3™️ / スリークロス 東北OPEN｜2023/5/7,https://www.youtube.com/watch?v=ND1_ZiGRoqo&t=2570s,マーチング祭,https://www.youtube.com/channel/UC4k9RWxkryjqTtQwkEo07Bg,
ライブ（チャプター）,スリークロスチーム,チームわだ,チームわだ,offgjg0,2023-05-07,【東北】2023 MIX3™️ / スリークロス 東北OPEN｜2023/5/7,https://www.youtube.com/watch?v=ND1_ZiGRoqo&t=2240s,マーチング祭,https://www.youtube.com/channel/UC4k9RWxkryjqTtQwkEo07Bg,
ライブ（チャプター）,スリークロスチーム,Mii,Mii,o1g1glwh,2023-05-07,【東北】2023 MIX3™️ / スリークロス 東北OPEN｜2023/5/7,https://www.youtube.com/watch?v=ND1_ZiGRoqo&t=1875s,マーチング祭,https://www.youtube.com/channel/UC4k9RWxkryjqTtQwkEo07Bg,
ライブ（チャプター）,スリークロスチーム,太田しおり,太田しおり,o1pk9fzz,2023-05-07,【東北】2023 MIX3™️ / スリークロス 東北OPEN｜2023/5/7,https://www.youtube.com/watch?v=ND1_ZiGRoqo&t=1540s,マーチング祭,https://www.youtube.com/channel/UC4k9RWxkryjqTtQwkEo07Bg,
ライブ（チャプター）,スリークロスチーム,"din from ""allure""","din from ""allure""",o469zea,2023-05-07,【東北】2023 MIX3™️ / スリークロス 東北OPEN｜2023/5/7,https://www.youtube.com/watch?v=ND1_ZiGRoqo&t=1245s,マーチング祭,https://www.youtube.com/channel/UC4k9RWxkryjqTtQwkEo07Bg,
ライブ（チャプター）,スリークロスチーム,Div.2 Winds allure,allure,o12tkphz,2023-05-07,【東北】2023 MIX3™️ / スリークロス 東北OPEN｜2023/5/7,https://www.youtube.com/watch?v=ND1_ZiGRoqo&t=10556s,マーチング祭,https://www.youtube.com/channel/UC4k9RWxkryjqTtQwkEo07Bg,
ライブ（チャプター）,スリークロスチーム,【Winners' Show】allure,allure,o12tkphz,2023-05-07,【東北】2023 MIX3™️ / スリークロス 東北OPEN｜2023/5/7,https://www.youtube.com/watch?v=ND1_ZiGRoqo&t=10540s,マーチング祭,https://www.youtube.com/channel/UC4k9RWxkryjqTtQwkEo07Bg,
ライブ（チャプター）,スリークロスチーム,【Winners' Show】Guard Team Unity,Guard Team Unity,oxevvw7,2023-05-07,【東北】2023 MIX3™️ / スリークロス 東北OPEN｜2023/5/7,https://www.youtube.com/watch?v=ND1_ZiGRoqo&t=10252s,マーチング祭,https://www.youtube.com/channel/UC4k9RWxkryjqTtQwkEo07Bg,
動画,スリークロスチーム,allure,allure,o12tkphz,2023-05-05,【allure】2023スリークロス横須賀 ｜Div.2 / Winds【Multi Cam】,https://www.youtube.com/watch?v=sSz_IhcSIak,マーチング祭,https://www.youtube.com/@marching-matsuri,
ライブ（チャプター）,スリークロスチーム,open 12:30 / start,,,2023-05-05,【FINAL】2023 MIX3™️ / スリークロス ALL JAPAN CHAMPIONSHIPS  ｜2023/5/5,https://www.youtube.com/watch?v=aUchpJCwsBs&t=780s,マーチング祭,https://www.youtube.com/@marching-matsuri,
ライブ（チャプター）,スリークロスチーム,<Untitled Chapter 1>,,,2023-05-05,【FINAL】2023 MIX3™️ / スリークロス ALL JAPAN CHAMPIONSHIPS  ｜2023/5/5,https://www.youtube.com/watch?v=aUchpJCwsBs&t=0s,マーチング祭,https://www.youtube.com/@marching-matsuri,
動画,スリークロスチーム,allure,allure,o12tkphz,2023-05-05,【allure】2023スリークロス横須賀 ｜Div.2 / Winds【HighCam】,https://www.youtube.com/watch?v=UY5b-ASuZ3g,マーチング祭,https://www.youtube.com/@marching-matsuri,
ライブ（チャプター）,スリークロスチーム,open 12:30 / start,,,2023-05-05,【FINAL】2023 MIX3™️ / スリークロス ALL JAPAN CHAMPIONSHIPS  ｜2023/5/5 [High Camera],https://www.youtube.com/watch?v=5dVkARUH9o4&t=780s,マーチング祭,https://www.youtube.com/@marching-matsuri,
ライブ（チャプター）,スリークロスチーム,<Untitled Chapter 1>,,,2023-05-05,【FINAL】2023 MIX3™️ / スリークロス ALL JAPAN CHAMPIONSHIPS  ｜2023/5/5 [High Camera],https://www.youtube.com/watch?v=5dVkARUH9o4&t=0s,マーチング祭,https://www.youtube.com/@marching-matsuri,
動画,スリークロスチーム,浅見きずな・いくと,浅見きずな・いくと,oqp7i37,2023-05-04,【浅見きずな・いくと】2023スリークロス関東CS｜Div.3 / CG,https://www.youtube.com/watch?v=l96vqx-XHoM,マーチング祭,https://www.youtube.com/@marching-matsuri,
動画,スリークロスチーム,Falcons☆,横浜隼人中学・高等学校チアダンス部 Falcons☆,ou8xmjw,2023-05-04,【Falcons☆】2023スリークロス関東CS｜｜Guest prformance,https://www.youtube.com/watch?v=HXpbSbPVY6I,マーチング祭,https://www.youtube.com/@marching-matsuri,
動画,スリークロスチーム,Splendore,Splendore,odxbtsu,2023-05-01,【Splendore】2023スリークロス関東CS｜Div.2 / CG,https://www.youtube.com/watch?v=SqXbyk4kSjA,マーチング祭,https://www.youtube.com/@marching-matsuri,
動画,スリークロスチーム,allure,allure,o12tkphz,2023-04-30,【allure】2023スリークロス関東CS｜Div.2 / Winds,https://www.youtube.com/watch?v=2l4bSFl3Dos,マーチング祭,https://www.youtube.com/@marching-matsuri,
動画,スリークロスチーム,京都外大西高等学校吹奏楽部,京都外大西高等学校吹奏楽部,o1d92of6,2023-04-29,【京都外大西高等学校吹奏楽部】スリークロス関西CS｜Div.2 / Winds,https://www.youtube.com/watch?v=LyJ3xUGhNL4,マーチング祭,https://www.youtube.com/@marching-matsuri,
動画,スリークロスチーム,NARAGAKU Drumline,NARAGAKU Drumline,o1ib1qx6,2023-04-24,【NARAGAKU Drumline】2023スリークロス関西CS｜Div.1 / D&P,https://www.youtube.com/watch?v=c3H-LZJxTCk,マーチング祭,https://www.youtube.com/@marching-matsuri,
動画,スリークロスチーム,UNIÖN,UNIÖN,ovn3siy,2023-04-22,【UNIÖN】2023スリークロス九州CS｜審査員特別賞,https://www.youtube.com/watch?v=pkN9fcl_cDQ,マーチング祭,https://www.youtube.com/@marching-matsuri,
動画,スリークロスチーム,女武将,女武将,o12tjvih,2023-04-21,【女武将】2023スリークロス関西CS｜Div.3 / CG,https://www.youtube.com/watch?v=REwwooudwkM,マーチング祭,https://www.youtube.com/@marching-matsuri,
動画,スリークロスチーム,Legend of ANGELS,Legend of ANGELS Drum&Bugle Corps,o1slw9jm,2023-04-20,【Legend of ANGELS】2023スリークロス関西CS｜Div.2 / CG,https://www.youtube.com/watch?v=f8Cs0BRpT2g,マーチング祭,https://www.youtube.com/@marching-matsuri,
動画,スリークロスチーム,NARAGAKU Marching Band,NARAGAKU Marching Band,os4jm34,2023-04-18,【NARAGAKU Marching Band】2023スリークロス関西CS｜ Guest performance,https://www.youtube.com/watch?v=jHKE44TOU8c,マーチング祭,https://www.youtube.com/@marching-matsuri,
ライブ（チャプター）,スリークロスチーム,Div.2 Winds allure,allure,o12tkphz,2023-04-16,【関東】2023 MIX3™️ / スリークロス 関東CHAMPIONSHIP｜2023/4/16,https://www.youtube.com/watch?v=mQyvgr_qNL0&t=5998s,マーチング祭,https://www.youtube.com/@marching-matsuri,
ライブ（チャプター）,スリークロスチーム,Div.2 CG Splendore,Splendore,odxbtsu,2023-04-16,【関東】2023 MIX3™️ / スリークロス 関東CHAMPIONSHIP｜2023/4/16,https://www.youtube.com/watch?v=mQyvgr_qNL0&t=5677s,マーチング祭,https://www.youtube.com/@marching-matsuri,
ライブ（チャプター）,スリークロスチーム,横浜隼人中学・高等学校チアダンス部 Falcons☆,横浜隼人中学・高等学校チアダンス部 Falcons☆,om9u9k3,2023-04-16,【関東】2023 MIX3™️ / スリークロス 関東CHAMPIONSHIP｜2023/4/16,https://www.youtube.com/watch?v=mQyvgr_qNL0&t=3160s,マーチング祭,https://www.youtube.com/@marching-matsuri,
ライブ（チャプター）,スリークロスチーム,Div.2 Winds allure,allure,o12tkphz,2023-04-16,【関東】2023 MIX3™️ / スリークロス 関東CHAMPIONSHIP｜2023/4/16,https://www.youtube.com/watch?v=mQyvgr_qNL0&t=2703s,マーチング祭,https://www.youtube.com/@marching-matsuri,
ライブ（チャプター）,スリークロスチーム,Div.2 CG Tokyo Phoenix,Tokyo Phoenix Drum&Bugle Corps,ofza5wl,2023-04-16,【関東】2023 MIX3™️ / スリークロス 関東CHAMPIONSHIP｜2023/4/16,https://www.youtube.com/watch?v=mQyvgr_qNL0&t=2280s,マーチング祭,https://www.youtube.com/@marching-matsuri,
ライブ（チャプター）,スリークロスチーム,Div.2 CG Splendore,Splendore,odxbtsu,2023-04-16,【関東】2023 MIX3™️ / スリークロス 関東CHAMPIONSHIP｜2023/4/16,https://www.youtube.com/watch?v=mQyvgr_qNL0&t=1948s,マーチング祭,https://www.youtube.com/@marching-matsuri,
ライブ（チャプター）,スリークロスチーム,Div.3 CG 浅見きずな・いくと,浅見きずな・いくと,oqp7i37,2023-04-16,【関東】2023 MIX3™️ / スリークロス 関東CHAMPIONSHIP｜2023/4/16,https://www.youtube.com/watch?v=mQyvgr_qNL0&t=1593s,マーチング祭,https://www.youtube.com/@marching-matsuri,
ライブ（チャプター）,スリークロスチーム,opening,,,2023-04-16,【関東】2023 MIX3™️ / スリークロス 関東CHAMPIONSHIP｜2023/4/16,https://www.youtube.com/watch?v=mQyvgr_qNL0&t=0s,マーチング祭,https://www.youtube.com/@marching-matsuri,
動画,スリークロスチーム,Water Lily,Water Lily,o130i9xx,2023-04-15,【Water Lily】2023スリークロス関西CS｜WinnersShow｜Div.1 / CG,https://www.youtube.com/watch?v=5IunAT8m4eg,マーチング祭,https://www.youtube.com/@marching-matsuri,
動画,スリークロスチーム,Deep Kiss Percussion Ensemble,Deep Kiss Percussion Ensemble,osrub6w,2023-04-15,【Deep Kiss Percussion Ensemble】2023スリークロス関西CS｜THE MOST ATTRACTIVE SHOW｜Div.1 / D&P,https://www.youtube.com/watch?v=1PbaaoqIWkk,マーチング祭,https://www.youtube.com/@marching-matsuri,
動画,スリークロスチーム,Novanicity,Novanicity,oyh2hos,2023-04-12,【Novanicity】2023スリークロス関西CS｜審査員特別賞｜Div.1 / Winds,https://www.youtube.com/watch?v=yXCG5_ut7eg,マーチング祭,https://www.youtube.com/@marching-matsuri,
ライブ（チャプター）,スリークロスチーム,Div.1 CG Water Lily,Water Lily,o130i9xx,2023-04-09,【関西】2023 MIX3™️ / スリークロス 関西CHAMPIONSHIP｜2023/4/9,https://www.youtube.com/watch?v=2e2eVzp9hDU&t=8745s,マーチング祭,https://www.youtube.com/@marching-matsuri,
ライブ（チャプター）,スリークロスチーム,Div.1 Winds Novanicity,Novanicity,oyh2hos,2023-04-09,【関西】2023 MIX3™️ / スリークロス 関西CHAMPIONSHIP｜2023/4/9,https://www.youtube.com/watch?v=2e2eVzp9hDU&t=8340s,マーチング祭,https://www.youtube.com/@marching-matsuri,
ライブ（チャプター）,スリークロスチーム,Div.1 D&P Deep Kiss Percussion Ensemble,Deep Kiss Percussion Ensemble,osrub6w,2023-04-09,【関西】2023 MIX3™️ / スリークロス 関西CHAMPIONSHIP｜2023/4/9,https://www.youtube.com/watch?v=2e2eVzp9hDU&t=7790s,マーチング祭,https://www.youtube.com/@marching-matsuri,
ライブ（チャプター）,スリークロスチーム,Div.2 Winds 女武将,女武将,o12tjvih,2023-04-09,【関西】2023 MIX3™️ / スリークロス 関西CHAMPIONSHIP｜2023/4/9,https://www.youtube.com/watch?v=2e2eVzp9hDU&t=700s,マーチング祭,https://www.youtube.com/@marching-matsuri,
ライブ（チャプター）,スリークロスチーム,NARAGAKU Marching Band,NARAGAKU Marching Band,os4jm34,2023-04-09,【関西】2023 MIX3™️ / スリークロス 関西CHAMPIONSHIP｜2023/4/9,https://www.youtube.com/watch?v=2e2eVzp9hDU&t=4956s,マーチング祭,https://www.youtube.com/@marching-matsuri,
ライブ（チャプター）,スリークロスチーム,Div.3 Winds THE POWER PLAYER,THE POWER PLAYER,o1qx5iyv,2023-04-09,【関西】2023 MIX3™️ / スリークロス 関西CHAMPIONSHIP｜2023/4/9,https://www.youtube.com/watch?v=2e2eVzp9hDU&t=432s,マーチング祭,https://www.youtube.com/@marching-matsuri,
ライブ（チャプター）,スリークロスチーム,Div.1 D&P NARAGAKU Drumline,NARAGAKU Drumline,o1ib1qx6,2023-04-09,【関西】2023 MIX3™️ / スリークロス 関西CHAMPIONSHIP｜2023/4/9,https://www.youtube.com/watch?v=2e2eVzp9hDU&t=3710s,マーチング祭,https://www.youtube.com/@marching-matsuri,
ライブ（チャプター）,スリークロスチーム,Div.1 Winds Novanicity,Novanicity,oyh2hos,2023-04-09,【関西】2023 MIX3™️ / スリークロス 関西CHAMPIONSHIP｜2023/4/9,https://www.youtube.com/watch?v=2e2eVzp9hDU&t=3190s,マーチング祭,https://www.youtube.com/@marching-matsuri,
ライブ（チャプター）,スリークロスチーム,Div.1 CG Water Lily,Water Lily,o130i9xx,2023-04-09,【関西】2023 MIX3™️ / スリークロス 関西CHAMPIONSHIP｜2023/4/9,https://www.youtube.com/watch?v=2e2eVzp9hDU&t=2775s,マーチング祭,https://www.youtube.com/@marching-matsuri,
ライブ（チャプター）,スリークロスチーム,Div.1 CG Legend of ANGELS,Legend of ANGELS Drum&Bugle Corps,o1slw9jm,2023-04-09,【関西】2023 MIX3™️ / スリークロス 関西CHAMPIONSHIP｜2023/4/9,https://www.youtube.com/watch?v=2e2eVzp9hDU&t=2455s,マーチング祭,https://www.youtube.com/@marching-matsuri,
ライブ（チャプター）,スリークロスチーム,Div.1 D&P Deep Kiss Percussion Ensemble,Deep Kiss Percussion Ensemble,osrub6w,2023-04-09,【関西】2023 MIX3™️ / スリークロス 関西CHAMPIONSHIP｜2023/4/9,https://www.youtube.com/watch?v=2e2eVzp9hDU&t=1980s,マーチング祭,https://www.youtube.com/@marching-matsuri,
ライブ（チャプター）,スリークロスチーム,Div.2 Winds 京都外大西高等学校吹奏楽部,京都外大西高等学校吹奏楽部,o1d92of6,2023-04-09,【関西】2023 MIX3™️ / スリークロス 関西CHAMPIONSHIP｜2023/4/9,https://www.youtube.com/watch?v=2e2eVzp9hDU&t=1080s,マーチング祭,https://www.youtube.com/@marching-matsuri,
ライブ（チャプター）,スリークロスチーム,Opening,,,2023-04-09,【関西】2023 MIX3™️ / スリークロス 関西CHAMPIONSHIP｜2023/4/9,https://www.youtube.com/watch?v=2e2eVzp9hDU&t=0s,マーチング祭,https://www.youtube.com/@marching-matsuri,
動画,スリークロスチーム,東海学院大学Jr.マーチングバンド TEAM SYU,東海学院大学Jr.マーチングバンド TEAM SYU,og0tuar,2023-04-04,【東海学院大学Jr.マーチングバンド TEAM SYU 】2023スリークロス東海CS｜Div.2 / CG,https://www.youtube.com/watch?v=h68LdmL1Y94,マーチング祭,https://www.youtube.com/@marching-matsuri,
動画,スリークロスチーム,東海学院大学Jr.マーチングバンド Team KOBADAI,東海学院大学Jr.マーチングバンド Team KOBADAI,ohviigj,2023-04-04,【東海学院大学Jr.マーチングバンド Team KOBADAI 】2023スリークロス東海CS｜Div.2 / D&P,https://www.youtube.com/watch?v=dXwAOpgxGu4,マーチング祭,https://www.youtube.com/@marching-matsuri,
動画,スリークロスチーム,THE FOCUS CG,THE FOCUS color guard,o1tn3crh,2023-04-04,【THE FOCUS CG】2023スリークロス東海CS｜THE FOCUS CG｜Div.2 / CG,https://www.youtube.com/watch?v=Q8hyUWSbWME,マーチング祭,https://www.youtube.com/@marching-matsuri,
動画,スリークロスチーム,THE FOCUS,THE FOCUS,o1iahfpj,2023-04-04,【THE FOCUS】2023スリークロス東海CS｜Guest performance THE FOCUS,https://www.youtube.com/watch?v=PSKQidZ-Ti4,マーチング祭,https://www.youtube.com/@marching-matsuri,
動画,スリークロスチーム,after movie,,,2023-04-04,【after movie】2023スリークロス九州CS｜after movie,https://www.youtube.com/watch?v=3FMBV0W0mB4,マーチング祭,https://www.youtube.com/@marching-matsuri,
動画,スリークロスチーム,Imperial Sound Guard,Imperial Sound Guard,o1m63043,2023-04-02,【Imperial Sound Guard】2023スリークロス東海CS｜Div.3 Champion,https://www.youtube.com/watch?v=If5JeTFaxFM,マーチング祭,https://www.youtube.com/@marching-matsuri,
動画,スリークロスチーム,Guard Team Bump,Guard Team Bump,o1r8p836,2023-03-31,【Guard Team Bump】2023スリークロス東海CS「天使がくれた奇跡」THE MOST ATTRACTIVE SHOW / Div.2 Champion,https://www.youtube.com/watch?v=pim3WOA7gfQ,マーチング祭,https://www.youtube.com/@marching-matsuri,
動画,スリークロスチーム,各務野さくらマーチングバンド カラーガード,各務野さくらマーチングバンド カラーガード,oiafs27,2023-03-30,【各務野さくらマーチングバンド カラーガード】2023スリークロス東海CS｜ □審査員特別賞｜Div.3 / CG,https://www.youtube.com/watch?v=f0MhfyLmQvM,マーチング祭,https://www.youtube.com/@marching-matsuri,
ライブ（チャプター）,スリークロスチーム,open.start,,,2023-03-26,【東海】2023 MIX3™️ / スリークロス 東海CHAMPIONSHIP｜2023/3/26,https://www.youtube.com/watch?v=LxpJB1gZtEc&t=810s,マーチング祭,https://www.youtube.com/@marching-matsuri,
ライブ（チャプター）,スリークロスチーム,Div.2 / CG Guard Team Bump,Guard Team Bump,o1r8p836,2023-03-26,【東海】2023 MIX3™️ / スリークロス 東海CHAMPIONSHIP｜2023/3/26,https://www.youtube.com/watch?v=LxpJB1gZtEc&t=7510s,マーチング祭,https://www.youtube.com/@marching-matsuri,
ライブ（チャプター）,スリークロスチーム,Div.2 / CG 各務野さくらマーチングバンド カラーガード,各務野さくらマーチングバンド カラーガード,oiafs27,2023-03-26,【東海】2023 MIX3™️ / スリークロス 東海CHAMPIONSHIP｜2023/3/26,https://www.youtube.com/watch?v=LxpJB1gZtEc&t=7160s,マーチング祭,https://www.youtube.com/@marching-matsuri,
ライブ（チャプター）,スリークロスチーム,THE FOCUS,THE FOCUS,o1iahfpj,2023-03-26,【東海】2023 MIX3™️ / スリークロス 東海CHAMPIONSHIP｜2023/3/26,https://www.youtube.com/watch?v=LxpJB1gZtEc&t=4836s,マーチング祭,https://www.youtube.com/@marching-matsuri,
ライブ（チャプター）,スリークロスチーム,Div.2 / CG 各務野さくらマーチングバンド カラーガード,各務野さくらマーチングバンド カラーガード,oiafs27,2023-03-26,【東海】2023 MIX3™️ / スリークロス 東海CHAMPIONSHIP｜2023/3/26,https://www.youtube.com/watch?v=LxpJB1gZtEc&t=3485s,マーチング祭,https://www.youtube.com/@marching-matsuri,
ライブ（チャプター）,スリークロスチーム,Div.2 / CG Guard Team Bump,Guard Team Bump,o1r8p836,2023-03-26,【東海】2023 MIX3™️ / スリークロス 東海CHAMPIONSHIP｜2023/3/26,https://www.youtube.com/watch?v=LxpJB1gZtEc&t=3080s,マーチング祭,https://www.youtube.com/@marching-matsuri,
ライブ（チャプター）,スリークロスチーム,Div.2 / CG THE FOCUS colorguard,THE FOCUS color guard,o1tn3crh,2023-03-26,【東海】2023 MIX3™️ / スリークロス 東海CHAMPIONSHIP｜2023/3/26,https://www.youtube.com/watch?v=LxpJB1gZtEc&t=2750s,マーチング祭,https://www.youtube.com/@marching-matsuri,
ライブ（チャプター）,スリークロスチーム,Div.2 / CG 東海学院大学Jr.マーチングバンドTeam SYU,東海学院大学Jr.マーチングバンド TEAM SYU,o12adx6p,2023-03-26,【東海】2023 MIX3™️ / スリークロス 東海CHAMPIONSHIP｜2023/3/26,https://www.youtube.com/watch?v=LxpJB1gZtEc&t=2400s,マーチング祭,https://www.youtube.com/@marching-matsuri,
ライブ（チャプター）,スリークロスチーム,Div.2 / D&P 東海学院大学Jr.マーチングバンドTeam KOBADAI,東海学院大学Jr.マーチングバンド Team KOBADAI,otffwvt,2023-03-26,【東海】2023 MIX3™️ / スリークロス 東海CHAMPIONSHIP｜2023/3/26,https://www.youtube.com/watch?v=LxpJB1gZtEc&t=1394s,マーチング祭,https://www.youtube.com/@marching-matsuri,
ライブ（チャプター）,スリークロスチーム,Div.3 / CG imperial sound,imperial sound,o11nw6hq,2023-03-26,【東海】2023 MIX3™️ / スリークロス 東海CHAMPIONSHIP｜2023/3/26,https://www.youtube.com/watch?v=LxpJB1gZtEc&t=1030s,マーチング祭,https://www.youtube.com/@marching-matsuri,
ライブ（チャプター）,スリークロスチーム,<Untitled Chapter 1>,,,2023-03-26,【東海】2023 MIX3™️ / スリークロス 東海CHAMPIONSHIP｜2023/3/26,https://www.youtube.com/watch?v=LxpJB1gZtEc&t=0s,マーチング祭,https://www.youtube.com/@marching-matsuri,
動画,マーチング団体等,［ GLUON Vlog 2 × XCT™️ ］,,,2023-01-28,［ GLUON Vlog 2 × XCT™️ ］,https://www.youtube.com/watch?v=LOhOwJRIO3k,マーチング祭,https://www.youtube.com/@marching-matsuri,
動画,マーチング団体等,2022 MARCHING祭 東海オープン｜after movie,,,2022-12-30,2022 MARCHING祭 東海オープン｜after movie,https://www.youtube.com/watch?v=cVuXSuYpbDk,マーチング祭,https://www.youtube.com/@marching-matsuri,
動画,マーチング団体等,GENESIS,GENESIS,ooulsx2,2022-12-28,【GENESIS】2022 MARCHING祭 東海オープン,https://www.youtube.com/watch?v=8nV6p8Mtykg,マーチング祭,https://www.youtube.com/@marching-matsuri,
動画,マーチング団体等,DER GLANZ｜2022 MARCHING祭 東海オープン,DER GLANZ,o7i5jml,2022-12-26,DER GLANZ｜2022 MARCHING祭 東海オープン,https://www.youtube.com/watch?v=oIfGcKnOerI,マーチング祭,https://www.youtube.com/@marching-matsuri,
動画,マーチング団体等,THE FOCUS,THE FOCUS,o1iahfpj,2022-12-26,"【THE FOCUS】 ""Winners Show""｜2022 MARCHING祭 東海オープン",https://www.youtube.com/watch?v=OzYnRJLahA0,マーチング祭,https://www.youtube.com/@marching-matsuri,
動画,マーチング団体等,東海学院大学Jr マーチングバンド｜2022 MARCHING祭 東海オープン,東海学院大学Jr マーチングバンド,o11j0ukh,2022-12-25,東海学院大学Jr マーチングバンド｜2022 MARCHING祭 東海オープン,https://www.youtube.com/watch?v=zCOkIP-m8oI,マーチング祭,https://www.youtube.com/@marching-matsuri,
動画,マーチング団体等,つつじが丘ジュニアマーチングバンド,つつじが丘ジュニアマーチングバンド,o2jxvpo,2022-12-23,【つつじが丘ジュニアマーチングバンド】2022 MARCHING祭 東海オープン,https://www.youtube.com/watch?v=4ge-LMWpdww,マーチング祭,https://www.youtube.com/@marching-matsuri,
動画,マーチング団体等,磐田Jr.マーチングバンド Blue Fairies｜2022 MARCHING祭 東海オープン,磐田Jr.マーチングバンド Blue Fairies,ok5oxjd,2022-12-22,磐田Jr.マーチングバンド Blue Fairies｜2022 MARCHING祭 東海オープン,https://www.youtube.com/watch?v=8Yb2iu9pc_M,マーチング祭,https://www.youtube.com/@marching-matsuri,
動画,マーチング団体等,袋井南マーチングバンド South Winds,袋井南マーチングバンド South Winds,oyvus1x,2022-12-21,【袋井南マーチングバンド South Winds】2022 MARCHING祭 東海オープン,https://www.youtube.com/watch?v=FMilCUtj1ns,マーチング祭,https://www.youtube.com/@marching-matsuri,
動画,マーチング団体等,"THE FOCUS ""Encore""｜2022 MARCHING祭 東海オープン",THE FOCUS,o1iahfpj,2022-12-19,"THE FOCUS ""Encore""｜2022 MARCHING祭 東海オープン",https://www.youtube.com/watch?v=nZDknUcb1R0,マーチング祭,https://www.youtube.com/@marching-matsuri,
動画,マーチング団体等,各務野さくらマーチングバンド,各務野さくらマーチングバンド,o1covn9k,2022-12-19,【各務野さくらマーチングバンド】2022 MARCHING祭 東海オープン,https://www.youtube.com/watch?v=GwEPy9wPEuM,マーチング祭,https://www.youtube.com/@marching-matsuri,
動画,マーチング団体等,白水保育園マーチングバンドブルーエンゼルス,白水保育園マーチングバンドブルーエンゼルス,o5pz8qa,2022-12-18,【白水保育園マーチングバンドブルーエンゼルス】2022 MARCHING祭 東海オープン,https://www.youtube.com/watch?v=ibGRxgFwMyI,マーチング祭,https://www.youtube.com/@marching-matsuri,
動画,マーチング団体等,"吉祥院ザウルス ""Winners Show""｜2022 MARCHING祭 東海オープン",吉祥院ザウルス,obs26x0,2022-12-18,"吉祥院ザウルス ""Winners Show""｜2022 MARCHING祭 東海オープン",https://www.youtube.com/watch?v=1lSPvI6_SuY,マーチング祭,https://www.youtube.com/@marching-matsuri,
動画,マーチング団体等,Imperial Sound Drum & Bugle Corps｜2022 MARCHING祭 東海オープン,Imperial Sound Drum&Bugle Corps,o1o6zc1c,2022-12-17,Imperial Sound Drum & Bugle Corps｜2022 MARCHING祭 東海オープン,https://www.youtube.com/watch?v=92BBcrVznf8,マーチング祭,https://www.youtube.com/@marching-matsuri,
動画,マーチング団体等,Tokyo Phoenix Drum&Bugle Corps,Tokyo Phoenix Drum&Bugle Corps,ofza5wl,2022-12-15,【Tokyo Phoenix Drum&Bugle Corps】2022 MARCHING祭 東海オープン,https://www.youtube.com/watch?v=IzyrfgS4YKQ,マーチング祭,https://www.youtube.com/@marching-matsuri,
動画,マーチング団体等,Bluujua｜2022 MARCHING祭 東海オープン,Bluujua,on2280k,2022-12-14,Bluujua｜2022 MARCHING祭 東海オープン,https://www.youtube.com/watch?v=PuN6GhBFICA,マーチング祭,https://www.youtube.com/@marching-matsuri,
動画,マーチング団体等,Legend of ANGELS｜2022 MARCHING祭 東海オープン,Legend of ANGELS Drum&Bugle Corps,o1slw9jm,2022-12-13,Legend of ANGELS｜2022 MARCHING祭 東海オープン,https://www.youtube.com/watch?v=ReWHETOryG8,マーチング祭,https://www.youtube.com/@marching-matsuri,
動画,マーチング団体等,2022 奈良学園大学マーチングバンド関西大会　2022/10/30｜NARAGAKU MB / Semi Final,,,2022-12-02,2022 奈良学園大学マーチングバンド関西大会　2022/10/30｜NARAGAKU MB / Semi Final,https://www.youtube.com/watch?v=p8cTWNKGdug,マーチング祭,https://www.youtube.com/@marching-matsuri,
動画,マーチング団体等,2022 奈良学園大学マーチングバンド 公開リハーサル 2022/10/23｜NARAGAKU MB Open Rehearsal in WAKAYAMA,,,2022-12-02,2022 奈良学園大学マーチングバンド 公開リハーサル 2022/10/23｜NARAGAKU MB Open Rehearsal in WAKAYAMA,https://www.youtube.com/watch?v=U9CyqUxUofs,マーチング祭,https://www.youtube.com/@marching-matsuri,
ライブ（チャプターなし）,マーチング団体等,(チャプター未設定),,,2022-11-27,【東海】2022MARCHING祭  東海オープン｜2022/11/27,https://www.youtube.com/watch?v=fVNLgjWeneM,マーチング祭,https://www.youtube.com/@marching-matsuri,
動画,マーチング団体等,関東学院マーチングバンド,関東学院マーチングバンド,o1u9zfon,2022-10-14,【関東学院マーチングバンド】2022MARCHING祭  湘南藤沢オープン,https://www.youtube.com/watch?v=dqO2Dd5u-YU,マーチング祭,https://www.youtube.com/@marching-matsuri,
動画,マーチング団体等,千葉敬愛高校マーチングバンド Graceful Spirit,千葉敬愛高等学校マーチングバンドGraceful Spirit,okwuub3,2022-10-12,【千葉敬愛高校マーチングバンド Graceful Spirit】2022MARCHING祭  湘南藤沢オープン,https://www.youtube.com/watch?v=XxyjWeVmADU,マーチング祭,https://www.youtube.com/@marching-matsuri,
動画,マーチング団体等,鵠沼高校マーチングバンド部 AlbireoNova｜2022MARCHING祭  湘南藤沢オープン,鵠沼高等学校マーチングバンド部 AlbireoNova,o16mgkws,2022-10-11,鵠沼高校マーチングバンド部 AlbireoNova｜2022MARCHING祭  湘南藤沢オープン,https://www.youtube.com/watch?v=UI6IzoTeeLk,マーチング祭,https://www.youtube.com/@marching-matsuri,
動画,マーチング団体等,横浜市立西谷中学校マーチングバンド部 Splash Hearts,横浜市立西谷中学校マーチングバンド部 Splash Hearts,o132xu6b,2022-10-08,【横浜市立西谷中学校マーチングバンド部 Splash Hearts】2022MARCHING祭  湘南藤沢オープン,https://www.youtube.com/watch?v=mCRdO29zb40,マーチング祭,https://www.youtube.com/@marching-matsuri,
動画,マーチング団体等,"綾北""Mercury winds""｜2022MARCHING祭  湘南藤沢オープン","綾北""Mercury winds""",ocfxnxr,2022-10-08,"綾北""Mercury winds""｜2022MARCHING祭  湘南藤沢オープン",https://www.youtube.com/watch?v=iWVEjFEHu94,マーチング祭,https://www.youtube.com/@marching-matsuri,
動画,マーチング団体等,[Winners Show] THE FOCUS｜2022MARCHING祭  湘南藤沢オープン,THE FOCUS,o1iahfpj,2022-10-08,[Winners Show] THE FOCUS｜2022MARCHING祭  湘南藤沢オープン,https://www.youtube.com/watch?v=avDZ8c2lons,マーチング祭,https://www.youtube.com/@marching-matsuri,
動画,マーチング団体等,湘南台高校吹奏楽部 White Shooting Stars,神奈川県立湘南台高等学校吹奏楽部 White Shooting Stars,o1k1vb1f,2022-10-05,【湘南台高校吹奏楽部 White Shooting Stars】Winners Show ｜2022MARCHING祭  湘南藤沢オープン,https://www.youtube.com/watch?v=cMbJVocOQ2Q,マーチング祭,https://www.youtube.com/@marching-matsuri,
動画,マーチング団体等,湘南ドルフィンズ・マーチングバンド,湘南ドルフィンズ・マーチングバンド,o1nov4hn,2022-10-04,【湘南ドルフィンズ・マーチングバンド】2022 MARCHING祭  湘南藤沢オープン,https://www.youtube.com/watch?v=-ArKuI4IDG4,マーチング祭,https://www.youtube.com/@marching-matsuri,
動画,マーチング団体等,after movie,,,2022-10-02,【after movie】2022マーチング祭 湘南藤沢オープン,https://www.youtube.com/watch?v=1h_7_DC-kt0,マーチング祭,https://www.youtube.com/@marching-matsuri,
ライブ（チャプター）,マーチング団体等,2022 / 9 / 24 （土）,,,2022-09-24,【湘南藤沢】2022MARCHING祭  湘南藤沢オープン｜2022/9/24,https://www.youtube.com/watch?v=MRFLLkJp8-A&t=930s,マーチング祭,https://www.youtube.com/@marching-matsuri,
ライブ（チャプター）,マーチング団体等,Brother Beats｜茨城,Brother Beats,o1u9ofdn,2022-09-24,【湘南藤沢】2022MARCHING祭  湘南藤沢オープン｜2022/9/24,https://www.youtube.com/watch?v=MRFLLkJp8-A&t=7975s,マーチング祭,https://www.youtube.com/@marching-matsuri,
ライブ（チャプター）,マーチング団体等,THE FOCUS｜静岡,THE FOCUS,o1iahfpj,2022-09-24,【湘南藤沢】2022MARCHING祭  湘南藤沢オープン｜2022/9/24,https://www.youtube.com/watch?v=MRFLLkJp8-A&t=7380s,マーチング祭,https://www.youtube.com/@marching-matsuri,
ライブ（チャプター）,マーチング団体等,関東学院マーチングバンド｜神奈川,関東学院マーチングバンド,o1u9zfon,2022-09-24,【湘南藤沢】2022MARCHING祭  湘南藤沢オープン｜2022/9/24,https://www.youtube.com/watch?v=MRFLLkJp8-A&t=6578s,マーチング祭,https://www.youtube.com/@marching-matsuri,
ライブ（チャプター）,マーチング団体等,湘南台高校吹奏楽部 White Shooting Stars,神奈川県立湘南台高等学校吹奏楽部 White Shooting Stars,o1k1vb1f,2022-09-24,【湘南藤沢】2022MARCHING祭  湘南藤沢オープン｜2022/9/24,https://www.youtube.com/watch?v=MRFLLkJp8-A&t=5855s,マーチング祭,https://www.youtube.com/@marching-matsuri,
ライブ（チャプター）,マーチング団体等,千葉敬愛高校マーチングバンド Graceful Spirit｜千葉,千葉敬愛高等学校マーチングバンドGraceful Spirit,okwuub3,2022-09-24,【湘南藤沢】2022MARCHING祭  湘南藤沢オープン｜2022/9/24,https://www.youtube.com/watch?v=MRFLLkJp8-A&t=5201s,マーチング祭,https://www.youtube.com/@marching-matsuri,
ライブ（チャプター）,マーチング団体等,鵠沼高校マーチングバンド部 AlbireoNova｜神奈川,鵠沼高等学校マーチングバンド部 AlbireoNova,o16mgkws,2022-09-24,【湘南藤沢】2022MARCHING祭  湘南藤沢オープン｜2022/9/24,https://www.youtube.com/watch?v=MRFLLkJp8-A&t=4532s,マーチング祭,https://www.youtube.com/@marching-matsuri,
ライブ（チャプター）,マーチング団体等,"綾北""Mercury winds""｜神奈川","綾北""Mercury winds""",ocfxnxr,2022-09-24,【湘南藤沢】2022MARCHING祭  湘南藤沢オープン｜2022/9/24,https://www.youtube.com/watch?v=MRFLLkJp8-A&t=3108s,マーチング祭,https://www.youtube.com/@marching-matsuri,
ライブ（チャプター）,マーチング団体等,横浜市立西谷中学校マーチングバンド部 Splash Hearts｜神奈川県,横浜市立西谷中学校マーチングバンド部 Splash Hearts,o132xu6b,2022-09-24,【湘南藤沢】2022MARCHING祭  湘南藤沢オープン｜2022/9/24,https://www.youtube.com/watch?v=MRFLLkJp8-A&t=2532s,マーチング祭,https://www.youtube.com/@marching-matsuri,
ライブ（チャプター）,マーチング団体等,湘南ドルフィンズ・マーチングバンド｜神奈川,湘南ドルフィンズ・マーチングバンド,o1nov4hn,2022-09-24,【湘南藤沢】2022MARCHING祭  湘南藤沢オープン｜2022/9/24,https://www.youtube.com/watch?v=MRFLLkJp8-A&t=1950s,マーチング祭,https://www.youtube.com/@marching-matsuri,
ライブ（チャプター）,マーチング団体等,横浜市立下野庭小学校マーチングバンド｜神奈川県,横浜市立下野庭小学校マーチングバンド,o1645od7,2022-09-24,【湘南藤沢】2022MARCHING祭  湘南藤沢オープン｜2022/9/24,https://www.youtube.com/watch?v=MRFLLkJp8-A&t=1210s,マーチング祭,https://www.youtube.com/@marching-matsuri,
ライブ（チャプター）,マーチング団体等,湘南台高校吹奏楽部 White Shooting Stars,神奈川県立湘南台高等学校吹奏楽部 White Shooting Stars,o1k1vb1f,2022-09-24,【湘南藤沢】2022MARCHING祭  湘南藤沢オープン｜2022/9/24,https://www.youtube.com/watch?v=MRFLLkJp8-A&t=11461s,マーチング祭,https://www.youtube.com/@marching-matsuri,
ライブ（チャプター）,マーチング団体等,THE FOCUS｜静岡,THE FOCUS,o1iahfpj,2022-09-24,【湘南藤沢】2022MARCHING祭  湘南藤沢オープン｜2022/9/24,https://www.youtube.com/watch?v=MRFLLkJp8-A&t=10571s,マーチング祭,https://www.youtube.com/@marching-matsuri,
ライブ（チャプター）,マーチング団体等,<Untitled Chapter 1>,,,2022-09-24,【湘南藤沢】2022MARCHING祭  湘南藤沢オープン｜2022/9/24,https://www.youtube.com/watch?v=MRFLLkJp8-A&t=0s,マーチング祭,https://www.youtube.com/@marching-matsuri,
動画,マーチング団体等,GLUON Vlog.1 × XCT™️,,,2022-07-22,GLUON Vlog.1 × XCT™️,https://www.youtube.com/watch?v=hHpFvJk9rmk,マーチング祭,https://www.youtube.com/@marching-matsuri,
動画,スリークロスチーム,2022スリークロス横浜 FINAL｜小林 瑞季,小林 瑞季,oc01bet,2022-05-21,2022スリークロス横浜 FINAL｜小林 瑞季,https://www.youtube.com/watch?v=wTXVId1nJEc,マーチング祭,https://www.youtube.com/@marching-matsuri,
動画,スリークロスチーム,2022スリークロス横浜 FINAL｜ TMB team ラッパ戦士,TMB team ラッパ戦士,on1cr1g,2022-05-21,2022スリークロス横浜 FINAL｜ TMB team ラッパ戦士,https://www.youtube.com/watch?v=ularOTYjKXo,マーチング祭,https://www.youtube.com/@marching-matsuri,
動画,スリークロスチーム,2022スリークロス横浜 FINAL｜TMB team Union is strength,TMB team Union is strength,oxbawfe,2022-05-21,2022スリークロス横浜 FINAL｜TMB team Union is strength,https://www.youtube.com/watch?v=m1anmP2QTbk,マーチング祭,https://www.youtube.com/@marching-matsuri,
動画,スリークロスチーム,2022スリークロス横浜 FINAL｜TMB team A,TMB team A,oj3xbpf,2022-05-21,2022スリークロス横浜 FINAL｜TMB team A,https://www.youtube.com/watch?v=Xk6Pk1gcN_g,マーチング祭,https://www.youtube.com/@marching-matsuri,
動画,スリークロスチーム,2022スリークロス横浜 FINAL｜TMB team 白谷一家,TMB team 白谷一家,o19ws142,2022-05-21,2022スリークロス横浜 FINAL｜TMB team 白谷一家,https://www.youtube.com/watch?v=Xje7Ear4v2s,マーチング祭,https://www.youtube.com/@marching-matsuri,
動画,スリークロスチーム,音声カット,忘羨（ワン シエン）,oyniif9,2022-05-21,2022スリークロス横浜 FINAL｜ワン シエン【音声カット】,https://www.youtube.com/watch?v=U7VpuNRHV_U,マーチング祭,https://www.youtube.com/@marching-matsuri,
動画,スリークロスチーム,2022スリークロス横浜 FINAL｜TMB team B,TMB team B,ojdwxee,2022-05-21,2022スリークロス横浜 FINAL｜TMB team B,https://www.youtube.com/watch?v=HT79XWqKV7M,マーチング祭,https://www.youtube.com/@marching-matsuri,
動画,スリークロスチーム,2022スリークロス横浜 FINAL｜TMB team カラーガード,TMB team カラーガード,o1gjr3bb,2022-05-21,2022スリークロス横浜 FINAL｜TMB team カラーガード,https://www.youtube.com/watch?v=GxGK4nvMLJg,マーチング祭,https://www.youtube.com/@marching-matsuri,
動画,スリークロスチーム,2022スリークロス横浜 FINAL｜TMB team 愛が生まれたにちようび,TMB team 愛が生まれたにちようび,orozgue,2022-05-21,2022スリークロス横浜 FINAL｜TMB team 愛が生まれたにちようび,https://www.youtube.com/watch?v=AJLaHWhe84Y,マーチング祭,https://www.youtube.com/@marching-matsuri,
動画,スリークロスチーム,2022スリークロス横浜 FINAL｜R0x!e,R0x!e,o1thz7qo,2022-05-21,2022スリークロス横浜 FINAL｜R0x!e,https://www.youtube.com/watch?v=6v0wjF1LbTk,マーチング祭,https://www.youtube.com/@marching-matsuri,
動画,スリークロスチーム,2022スリークロス横浜 FINAL｜橋本 希愛,橋本 希愛,oei52wo,2022-05-21,2022スリークロス横浜 FINAL｜橋本 希愛,https://www.youtube.com/watch?v=0RZDfEC5gTo,マーチング祭,https://www.youtube.com/@marching-matsuri,
動画,スリークロスチーム,2022スリークロス横浜 ｜after movie,,,2022-05-15,2022スリークロス横浜 ｜after movie,https://www.youtube.com/watch?v=uphgUEiXyUQ,マーチング祭,https://www.youtube.com/@marching-matsuri,
動画,スリークロスチーム,2022スリークロス横浜 FINAL｜TMB team 3しまい「玉手箱」THE MOST ATTRACTIVE SHOW,TMB team 3しまい,o18qik7c,2022-05-14,2022スリークロス横浜 FINAL｜TMB team 3しまい「玉手箱」THE MOST ATTRACTIVE SHOW,https://www.youtube.com/watch?v=n6XK2w6Ea-0,マーチング祭,https://www.youtube.com/@marching-matsuri,
動画,スリークロスチーム,2022スリークロス横浜 FINAL｜井上 こすず「しわあわせ」Winners Show,井上 こすず,o1nnz60x,2022-05-13,2022スリークロス横浜 FINAL｜井上 こすず「しわあわせ」Winners Show,https://www.youtube.com/watch?v=q9r9VAxIWOM,マーチング祭,https://www.youtube.com/@marching-matsuri,
動画,スリークロスチーム,音声カット,,,2022-05-13,2022スリークロス横浜 FINAL｜C the.「糸」【音声カット】 Winners Show,https://www.youtube.com/watch?v=gXAhFRgKgvE,マーチング祭,https://www.youtube.com/@marching-matsuri,
動画,スリークロスチーム,2022スリークロス横浜 FINAL｜Brother Beats w/UB「マジストラル狂詩曲」,Brother Beats w/UB,oc61jg,2022-05-12,2022スリークロス横浜 FINAL｜Brother Beats w/UB「マジストラル狂詩曲」,https://www.youtube.com/watch?v=zT77CZXCkzU,マーチング祭,https://www.youtube.com/@marching-matsuri,
ライブ（チャプター）,スリークロスチーム,Brother Beats w/UB｜Div.2 / D&P,Brother Beats w/UB,oc61jg,2022-05-07,【横浜FINAL】2022 MIX3™️ ALL JAPAN CHAMPIONSHIPS 横浜 FINAL｜2022/5/7,https://www.youtube.com/watch?v=wqi2K2vS3tU&t=9967s,マーチング祭,https://www.youtube.com/@marching-matsuri,
ライブ（チャプター）,スリークロスチーム,橋本 希愛｜Div.3 / CG,橋本 希愛,oei52wo,2022-05-07,【横浜FINAL】2022 MIX3™️ ALL JAPAN CHAMPIONSHIPS 横浜 FINAL｜2022/5/7,https://www.youtube.com/watch?v=wqi2K2vS3tU&t=975s,マーチング祭,https://www.youtube.com/@marching-matsuri,
ライブ（チャプター）,スリークロスチーム,C the.｜Div.2 / CG,C the.,oj66y88,2022-05-07,【横浜FINAL】2022 MIX3™️ ALL JAPAN CHAMPIONSHIPS 横浜 FINAL｜2022/5/7,https://www.youtube.com/watch?v=wqi2K2vS3tU&t=9597s,マーチング祭,https://www.youtube.com/@marching-matsuri,
ライブ（チャプター）,スリークロスチーム,TMB team 3しまい｜Div.3 / D&P,TMB team 3しまい,o18qik7c,2022-05-07,【横浜FINAL】2022 MIX3™️ ALL JAPAN CHAMPIONSHIPS 横浜 FINAL｜2022/5/7,https://www.youtube.com/watch?v=wqi2K2vS3tU&t=9342s,マーチング祭,https://www.youtube.com/@marching-matsuri,
ライブ（チャプター）,スリークロスチーム,井上 こすず｜Div.3 / CG,井上 こすず,o1nnz60x,2022-05-07,【横浜FINAL】2022 MIX3™️ ALL JAPAN CHAMPIONSHIPS 横浜 FINAL｜2022/5/7,https://www.youtube.com/watch?v=wqi2K2vS3tU&t=9080s,マーチング祭,https://www.youtube.com/@marching-matsuri,
ライブ（チャプター）,スリークロスチーム,TMB team Union is strength｜Div.3 / Winds,TMB team Union is strength,oxbawfe,2022-05-07,【横浜FINAL】2022 MIX3™️ ALL JAPAN CHAMPIONSHIPS 横浜 FINAL｜2022/5/7,https://www.youtube.com/watch?v=wqi2K2vS3tU&t=715s,マーチング祭,https://www.youtube.com/@marching-matsuri,
ライブ（チャプター）,スリークロスチーム,Brother Beats w/UB｜Div.2 / D&P,Brother Beats w/UB,oc61jg,2022-05-07,【横浜FINAL】2022 MIX3™️ ALL JAPAN CHAMPIONSHIPS 横浜 FINAL｜2022/5/7,https://www.youtube.com/watch?v=wqi2K2vS3tU&t=5950s,マーチング祭,https://www.youtube.com/@marching-matsuri,
ライブ（チャプター）,スリークロスチーム,TMB team カラーガード｜Div.2 / CG,TMB team カラーガード,o1gjr3bb,2022-05-07,【横浜FINAL】2022 MIX3™️ ALL JAPAN CHAMPIONSHIPS 横浜 FINAL｜2022/5/7,https://www.youtube.com/watch?v=wqi2K2vS3tU&t=5582s,マーチング祭,https://www.youtube.com/@marching-matsuri,
ライブ（チャプター）,スリークロスチーム,C the.｜Div.2 / CG,C the.,oj66y88,2022-05-07,【横浜FINAL】2022 MIX3™️ ALL JAPAN CHAMPIONSHIPS 横浜 FINAL｜2022/5/7,https://www.youtube.com/watch?v=wqi2K2vS3tU&t=5257s,マーチング祭,https://www.youtube.com/@marching-matsuri,
ライブ（チャプター）,スリークロスチーム,TMB team 愛が生まれたにちようび｜Div.2 / Winds,TMB team 愛が生まれたにちようび,orozgue,2022-05-07,【横浜FINAL】2022 MIX3™️ ALL JAPAN CHAMPIONSHIPS 横浜 FINAL｜2022/5/7,https://www.youtube.com/watch?v=wqi2K2vS3tU&t=5014s,マーチング祭,https://www.youtube.com/@marching-matsuri,
ライブ（チャプター）,スリークロスチーム,TMB team 白谷一家｜Div.2 / Winds,TMB team 白谷一家,o19ws142,2022-05-07,【横浜FINAL】2022 MIX3™️ ALL JAPAN CHAMPIONSHIPS 横浜 FINAL｜2022/5/7,https://www.youtube.com/watch?v=wqi2K2vS3tU&t=4760s,マーチング祭,https://www.youtube.com/@marching-matsuri,
ライブ（チャプター）,スリークロスチーム,TMB team A｜Div.2 / Winds,TMB team A,oj3xbpf,2022-05-07,【横浜FINAL】2022 MIX3™️ ALL JAPAN CHAMPIONSHIPS 横浜 FINAL｜2022/5/7,https://www.youtube.com/watch?v=wqi2K2vS3tU&t=4340s,マーチング祭,https://www.youtube.com/@marching-matsuri,
ライブ（チャプター）,スリークロスチーム,TMB team B｜Div.2 / Winds,TMB team B,ojdwxee,2022-05-07,【横浜FINAL】2022 MIX3™️ ALL JAPAN CHAMPIONSHIPS 横浜 FINAL｜2022/5/7,https://www.youtube.com/watch?v=wqi2K2vS3tU&t=4029s,マーチング祭,https://www.youtube.com/@marching-matsuri,
ライブ（チャプター）,スリークロスチーム,TMB team ラッパ戦士｜Div.3 / Winds,TMB team ラッパ戦士,on1cr1g,2022-05-07,【横浜FINAL】2022 MIX3™️ ALL JAPAN CHAMPIONSHIPS 横浜 FINAL｜2022/5/7,https://www.youtube.com/watch?v=wqi2K2vS3tU&t=370s,マーチング祭,https://www.youtube.com/@marching-matsuri,
ライブ（チャプター）,スリークロスチーム,TMB team 3しまい｜Div.3 / D&P,TMB team 3しまい,o18qik7c,2022-05-07,【横浜FINAL】2022 MIX3™️ ALL JAPAN CHAMPIONSHIPS 横浜 FINAL｜2022/5/7,https://www.youtube.com/watch?v=wqi2K2vS3tU&t=2584s,マーチング祭,https://www.youtube.com/@marching-matsuri,
ライブ（チャプター）,スリークロスチーム,R0x!e｜Div.3 / CG,R0x!e,o1thz7qo,2022-05-07,【横浜FINAL】2022 MIX3™️ ALL JAPAN CHAMPIONSHIPS 横浜 FINAL｜2022/5/7,https://www.youtube.com/watch?v=wqi2K2vS3tU&t=2259s,マーチング祭,https://www.youtube.com/@marching-matsuri,
ライブ（チャプター）,スリークロスチーム,忘羨（ワン シエン）｜Div.3 / CG,忘羨（ワン シエン）,oyniif9,2022-05-07,【横浜FINAL】2022 MIX3™️ ALL JAPAN CHAMPIONSHIPS 横浜 FINAL｜2022/5/7,https://www.youtube.com/watch?v=wqi2K2vS3tU&t=1868s,マーチング祭,https://www.youtube.com/@marching-matsuri,
ライブ（チャプター）,スリークロスチーム,井上 こすず｜Div.3 / CG,井上 こすず,o1nnz60x,2022-05-07,【横浜FINAL】2022 MIX3™️ ALL JAPAN CHAMPIONSHIPS 横浜 FINAL｜2022/5/7,https://www.youtube.com/watch?v=wqi2K2vS3tU&t=1520s,マーチング祭,https://www.youtube.com/@marching-matsuri,
ライブ（チャプター）,スリークロスチーム,小林 瑞季｜Div.3 / CG,小林 瑞季,oc01bet,2022-05-07,【横浜FINAL】2022 MIX3™️ ALL JAPAN CHAMPIONSHIPS 横浜 FINAL｜2022/5/7,https://www.youtube.com/watch?v=wqi2K2vS3tU&t=1205s,マーチング祭,https://www.youtube.com/@marching-matsuri,
動画,スリークロスチーム,2022 スリークロス東北｜SENDAI SVTeens「Shining One」,SENDAI SVTeens,ovavguy,2022-05-05,2022 スリークロス東北｜SENDAI SVTeens「Shining One」,https://www.youtube.com/watch?v=z08RTn5fmbA,マーチング祭,https://www.youtube.com/@marching-matsuri,
動画,スリークロスチーム,2022スリークロス東北｜SENDAI SVPercussion,SENDAI SVPercussion,o1r4xnr0,2022-05-05,2022スリークロス東北｜SENDAI SVPercussion,https://www.youtube.com/watch?v=GLzrP_chBDs,マーチング祭,https://www.youtube.com/@marching-matsuri,
動画,スリークロスチーム,2022 スリークロス東北｜SENDAI QUINT「Origin」,SENDAI QUINT,o5wb2f,2022-05-05,2022 スリークロス東北｜SENDAI QUINT「Origin」,https://www.youtube.com/watch?v=2zrxpvEJvN4,マーチング祭,https://www.youtube.com/@marching-matsuri,
動画,スリークロスチーム,2022 スリークロス東北｜2022/4/30チームわだ「COVID - 19」 Winners Show,チームわだ,offgjg0,2022-05-04,2022 スリークロス東北｜2022/4/30チームわだ「COVID - 19」 Winners Show,https://www.youtube.com/watch?v=rxSmQ6fHMZw,マーチング祭,https://www.youtube.com/@marching-matsuri,
動画,スリークロスチーム,2022 スリークロス東北｜旅人やんまん「やんまんアドベンチャー」,旅人やんまん,o1wgj5d5,2022-05-04,2022 スリークロス東北｜旅人やんまん「やんまんアドベンチャー」,https://www.youtube.com/watch?v=RxixyrXj_ps,マーチング祭,https://www.youtube.com/@marching-matsuri,
動画,スリークロスチーム,2022 スリークロス東北｜DER GLANZ「Follow your heart」審査員特別賞,DER GLANZ,o7i5jml,2022-05-04,2022 スリークロス東北｜DER GLANZ「Follow your heart」審査員特別賞,https://www.youtube.com/watch?v=9qXKVrREaHc,マーチング祭,https://www.youtube.com/@marching-matsuri,
動画,スリークロスチーム,2022MIX3/スリークロス CM,,,2022-05-04,2022MIX3/スリークロス CM,https://www.youtube.com/watch?v=0nSATSnUfIc,マーチング祭,https://www.youtube.com/@marching-matsuri,
動画,スリークロスチーム,2022 スリークロス東北｜SVCG「The Voice of Heart」 Winners Show,SVCG,obzw4bz,2022-05-02,2022 スリークロス東北｜SVCG「The Voice of Heart」 Winners Show,https://www.youtube.com/watch?v=7QMAhMVnldI,マーチング祭,https://www.youtube.com/@marching-matsuri,
ライブ（チャプターなし）,スリークロスチーム,(チャプター未設定),,,2022-04-30,【東北仙台】2022 MIX3™️ ALL JAPAN CHAMPIONSHIPS 東北仙台｜2022/4/30,https://www.youtube.com/watch?v=8oNg84EB6iI,マーチング祭,https://www.youtube.com/@marching-matsuri,
動画,スリークロスチーム,2022 スリークロス関西奈良｜NARAGAKU Color Guard Div.2 / CG / 2st Place,NARAGAKU Color Guard,ozz2vjy,2022-04-29,2022 スリークロス関西奈良｜NARAGAKU Color Guard Div.2 / CG / 2st Place,https://www.youtube.com/watch?v=Dg5h_N3v0l4,マーチング祭,https://www.youtube.com/@marching-matsuri,
動画,スリークロスチーム,2022 スリークロス関西奈良｜NARAGAKU Marching Band ｜Guest Performance,NARAGAKU Marching Band,os4jm34,2022-04-28,2022 スリークロス関西奈良｜NARAGAKU Marching Band ｜Guest Performance,https://www.youtube.com/watch?v=w9N20kXKc5I,マーチング祭,https://www.youtube.com/@marching-matsuri,
動画,スリークロスチーム,2022 スリークロス関西奈良｜大城彩苗「燦燦」Div.3 / Winds / 2st Place,大城彩苗,ohlm211,2022-04-28,2022 スリークロス関西奈良｜大城彩苗「燦燦」Div.3 / Winds / 2st Place,https://www.youtube.com/watch?v=an6phqel-WE,マーチング祭,https://www.youtube.com/@marching-matsuri,
動画,スリークロスチーム,2022 スリークロス関西奈良｜猪口将吾「Romantica」Div.3 / D&P / 1st Place,猪口将吾,oltyimn,2022-04-28,2022 スリークロス関西奈良｜猪口将吾「Romantica」Div.3 / D&P / 1st Place,https://www.youtube.com/watch?v=Hu6FlKKVAA4,マーチング祭,https://www.youtube.com/@marching-matsuri,
動画,スリークロスチーム,2022 スリークロス関西奈良｜NARAGAKU Percussion Ensemble「Emotionless」Div.1 / D&P / 1st Place,NARAGAKU Percussion Ensemble,o10i9tys,2022-04-28,2022 スリークロス関西奈良｜NARAGAKU Percussion Ensemble「Emotionless」Div.1 / D&P / 1st Place,https://www.youtube.com/watch?v=GzTcp458gDQ,マーチング祭,https://www.youtube.com/@marching-matsuri,
動画,スリークロスチーム,after movie｜2022 スリークロス関西奈良 2022/4/23,,,2022-04-27,after movie｜2022 スリークロス関西奈良 2022/4/23,https://www.youtube.com/watch?v=RJXBGeu8Gao,マーチング祭,https://www.youtube.com/@marching-matsuri,
動画,スリークロスチーム,2022 スリークロス関西奈良｜HOT KINGS「革命」｜Div.2 / CG / 1st Place / 審査員特別賞,HOT KINGS,o1bwtc1f,2022-04-25,2022 スリークロス関西奈良｜HOT KINGS「革命」｜Div.2 / CG / 1st Place / 審査員特別賞,https://www.youtube.com/watch?v=jo8RGjbFV60,マーチング祭,https://www.youtube.com/@marching-matsuri,
動画,スリークロスチーム,2022 スリークロス九州｜2022/4/10大牟田高等学校吹奏楽部D&P｜組曲「 」Div.2 / D&P / 1st Place,大牟田高等学校吹奏楽部D&P,ochn9g9,2022-04-24,2022 スリークロス九州｜2022/4/10大牟田高等学校吹奏楽部D&P｜組曲「 」Div.2 / D&P / 1st Place,https://www.youtube.com/watch?v=vV7PZehLeKI,マーチング祭,https://www.youtube.com/@marching-matsuri,
動画,スリークロスチーム,2022 スリークロス九州｜PLAYBACK THE DREAMS「春風秋霜」｜Div.3 / CG / 1st Place,PLAYBACK THE DREAMS,o1snm99m,2022-04-24,2022 スリークロス九州｜PLAYBACK THE DREAMS「春風秋霜」｜Div.3 / CG / 1st Place,https://www.youtube.com/watch?v=ucqg3JwaZJA,マーチング祭,https://www.youtube.com/@marching-matsuri,
ライブ（チャプターなし）,スリークロスチーム,(チャプター未設定),,,2022-04-23,【関西奈良】2022 MIX3™️ ALL JAPAN CHAMPIONSHIPS 関西奈良｜2022/4/23,https://www.youtube.com/watch?v=OHkf75Bl5Nw,マーチング祭,https://www.youtube.com/@marching-matsuri,
動画,スリークロスチーム,大牟田高等学校吹奏楽部 カラーガード,大牟田高等学校吹奏楽部 カラーガード,o1hvdm38,2022-04-20,【大牟田高等学校吹奏楽部 カラーガード】2022 スリークロス九州「君の一生と私たちの思い」Div.2 / CG / 1st Place,https://www.youtube.com/watch?v=zzmQ2jBj9a0,マーチング祭,https://www.youtube.com/@marching-matsuri,
動画,スリークロスチーム,福岡女学院,福岡女学院,oqoci9l,2022-04-19,【福岡女学院】2022 スリークロス九州「アルデバラン～明日へのバトン～」Div.1 / CG / 1st Place,https://www.youtube.com/watch?v=QLGH6L6KsSk,マーチング祭,https://www.youtube.com/@marching-matsuri,
動画,スリークロスチーム,2022 スリークロス関東千葉｜千葉敬愛高校マーチングバンド Graceful Spirit（ゲストパフォーマンス）,千葉敬愛高等学校マーチングバンドGraceful Spirit,okwuub3,2022-04-19,2022 スリークロス関東千葉｜千葉敬愛高校マーチングバンド Graceful Spirit（ゲストパフォーマンス）,https://www.youtube.com/watch?v=5F3LmFNmzIs,マーチング祭,https://www.youtube.com/@marching-matsuri,
動画,スリークロスチーム,2022 スリークロス関東千葉｜井上 こすず「しわあわせ」（Div.3 / CG / 1st Place）,井上 こすず,o1nnz60x,2022-04-18,2022 スリークロス関東千葉｜井上 こすず「しわあわせ」（Div.3 / CG / 1st Place）,https://www.youtube.com/watch?v=vr7gdGX7RPE,マーチング祭,https://www.youtube.com/@marching-matsuri,
動画,スリークロスチーム,2022 スリークロス関東千葉｜忘羨 「陳情」＊音声カット（Div.2 / CG / 審査員特別賞）,忘羨（ワン シエン）,oyniif9,2022-04-18,2022 スリークロス関東千葉｜忘羨 「陳情」＊音声カット（Div.2 / CG / 審査員特別賞）,https://www.youtube.com/watch?v=_aKxUBCTFu8,マーチング祭,https://www.youtube.com/@marching-matsuri,
動画,スリークロスチーム,2022 スリークロス関東千葉｜Brother Beats w/UB「マジストラル狂詩曲」（Div.2 / D&P / 1st Place）,Brother Beats w/UB,oc61jg,2022-04-18,2022 スリークロス関東千葉｜Brother Beats w/UB「マジストラル狂詩曲」（Div.2 / D&P / 1st Place）,https://www.youtube.com/watch?v=9e6nvXKaJ54,マーチング祭,https://www.youtube.com/@marching-matsuri,
ライブ（チャプターなし）,スリークロスチーム,(チャプター未設定),,,2022-04-17,【関東千葉】2022 MIX3™️ ALL JAPAN CHAMPIONSHIPS 関東千葉｜2022/4/17,https://www.youtube.com/watch?v=VAiDYeTZtLQ,マーチング祭,https://www.youtube.com/@marching-matsuri,
動画,スリークロスチーム,after movie｜2022スリークロス九州 2022/4/10,,,2022-04-12,after movie｜2022スリークロス九州 2022/4/10,https://www.youtube.com/watch?v=FeIykUPcNzs,マーチング祭,https://www.youtube.com/@marching-matsuri,
動画,スリークロスチーム,2022MIX3 東海岐阜｜Imperial Sound D&BC ＊Guest Performance,Imperial sound D&B Corps,ob4c4df,2022-04-08,2022MIX3 東海岐阜｜Imperial Sound D&BC ＊Guest Performance,https://www.youtube.com/watch?v=s7PYEUt5Pus,マーチング祭,https://www.youtube.com/@marching-matsuri,
動画,スリークロスチーム,2022MIX3 東海岐阜｜テール プロミーズ ＊Guest Performance,テール プロミーズ,o1l6wl0c,2022-04-08,2022MIX3 東海岐阜｜テール プロミーズ ＊Guest Performance,https://www.youtube.com/watch?v=JTxOfs3sdBw,マーチング祭,https://www.youtube.com/@marching-matsuri,
動画,スリークロスチーム,2022MIX3 東海岐阜｜Brass Bank（金管五重奏） ＊Guest Performance,Brass Bank（金管五重奏）,o92ocpi,2022-04-08,2022MIX3 東海岐阜｜Brass Bank（金管五重奏） ＊Guest Performance,https://www.youtube.com/watch?v=AAI_Goi8j9w,マーチング祭,https://www.youtube.com/@marching-matsuri,
動画,スリークロスチーム,2022MIX3 東海岐阜｜Div.2 / CG / 1st Place｜各務野さくらマーチングバンド カラーガード「雨の日」,各務野さくらマーチングバンド カラーガード,oiafs27,2022-04-03,2022MIX3 東海岐阜｜Div.2 / CG / 1st Place｜各務野さくらマーチングバンド カラーガード「雨の日」,https://www.youtube.com/watch?v=sOqGk-42IdA,マーチング祭,https://www.youtube.com/@marching-matsuri,
動画,スリークロスチーム,2022MIX3 東海岐阜｜Div.1 /  1st Place｜Jr. マーチングバンド「阿修羅の顔も三度まで」,,oaimykn,2022-04-03,2022MIX3 東海岐阜｜Div.1 /  1st Place｜Jr. マーチングバンド「阿修羅の顔も三度まで」,https://www.youtube.com/watch?v=0WwUSKvGjeI,マーチング祭,https://www.youtube.com/@marching-matsuri,
ライブ（チャプター）,スリークロスチーム,2022/3/27(日)|東海学院大学/東キャンパス体育館 開場.開演,,,2022-03-27,【東海岐阜】2022 MIX3™️ ALL JAPAN CHAMPIONSHIPS 東海岐阜｜2022/3/27,https://www.youtube.com/watch?v=rkBIfFr7u8M&t=780s,マーチング祭,https://www.youtube.com/@marching-matsuri,
ライブ（チャプター）,スリークロスチーム,Div.1 D&P 東海学院大学 Jr.マーチングバンド / 阿修羅の顔も三度まで,東海学院大学Jr.マーチングバンド,o95jyyd,2022-03-27,【東海岐阜】2022 MIX3™️ ALL JAPAN CHAMPIONSHIPS 東海岐阜｜2022/3/27,https://www.youtube.com/watch?v=rkBIfFr7u8M&t=6951s,マーチング祭,https://www.youtube.com/@marching-matsuri,
ライブ（チャプター）,スリークロスチーム,Div.2 各務野さくらマーチングバンド カラーガード,各務野さくらマーチングバンド カラーガード,oiafs27,2022-03-27,【東海岐阜】2022 MIX3™️ ALL JAPAN CHAMPIONSHIPS 東海岐阜｜2022/3/27,https://www.youtube.com/watch?v=rkBIfFr7u8M&t=6627s,マーチング祭,https://www.youtube.com/@marching-matsuri,
ライブ（チャプター）,スリークロスチーム,Imperial sound D&B Corps(マーチングバンド),Imperial sound D&B Corps,ob4c4df,2022-03-27,【東海岐阜】2022 MIX3™️ ALL JAPAN CHAMPIONSHIPS 東海岐阜｜2022/3/27,https://www.youtube.com/watch?v=rkBIfFr7u8M&t=4631s,マーチング祭,https://www.youtube.com/@marching-matsuri,
ライブ（チャプター）,スリークロスチーム,テール プロミーズ(マリンバアンサンブル),テール プロミーズ,o1l6wl0c,2022-03-27,【東海岐阜】2022 MIX3™️ ALL JAPAN CHAMPIONSHIPS 東海岐阜｜2022/3/27,https://www.youtube.com/watch?v=rkBIfFr7u8M&t=3634s,マーチング祭,https://www.youtube.com/@marching-matsuri,
ライブ（チャプター）,スリークロスチーム,Brass Bank（金管五重奏）,Brass Bank（金管五重奏）,o92ocpi,2022-03-27,【東海岐阜】2022 MIX3™️ ALL JAPAN CHAMPIONSHIPS 東海岐阜｜2022/3/27,https://www.youtube.com/watch?v=rkBIfFr7u8M&t=2267s,マーチング祭,https://www.youtube.com/@marching-matsuri,
ライブ（チャプター）,スリークロスチーム,Div.1/D&P｜東海学院大学 Jr.マーチングバンド / 阿修羅の顔も三度まで,東海学院大学Jr.マーチングバンド,o95jyyd,2022-03-27,【東海岐阜】2022 MIX3™️ ALL JAPAN CHAMPIONSHIPS 東海岐阜｜2022/3/27,https://www.youtube.com/watch?v=rkBIfFr7u8M&t=1936s,マーチング祭,https://www.youtube.com/@marching-matsuri,
ライブ（チャプター）,スリークロスチーム,Div.2/C.G｜各務野さくらマーチングバンド カラーガード,各務野さくらマーチングバンド カラーガード,oiafs27,2022-03-27,【東海岐阜】2022 MIX3™️ ALL JAPAN CHAMPIONSHIPS 東海岐阜｜2022/3/27,https://www.youtube.com/watch?v=rkBIfFr7u8M&t=1478s,マーチング祭,https://www.youtube.com/@marching-matsuri,
ライブ（チャプター）,スリークロスチーム,<Untitled Chapter 1>,,,2022-03-27,【東海岐阜】2022 MIX3™️ ALL JAPAN CHAMPIONSHIPS 東海岐阜｜2022/3/27,https://www.youtube.com/watch?v=rkBIfFr7u8M&t=0s,マーチング祭,https://www.youtube.com/@marching-matsuri,
動画,マーチング団体等,THE FOCUS,THE FOCUS,o1iahfpj,2021-11-14,【THE FOCUS】2021 MARCHING MATSURI CHAMPIONSHIPS TOKAI OPEN｜後援：文部科学省スポーツ庁],https://www.youtube.com/watch?v=yTObSBXf5-A,マーチング祭,https://www.youtube.com/@marching-matsuri,
動画,マーチング団体等,Imperial Sound Drum & Bugle Corps [2021 MARCHING MATSURI CHAMPIONSHIPS TOKAI OPEN｜後援：文部科学省スポーツ庁],Imperial Sound Drum&Bugle Corps,o1o6zc1c,2021-11-14,Imperial Sound Drum & Bugle Corps [2021 MARCHING MATSURI CHAMPIONSHIPS TOKAI OPEN｜後援：文部科学省スポーツ庁],https://www.youtube.com/watch?v=vTopPvBnaDg,マーチング祭,https://www.youtube.com/@marching-matsuri,
動画,マーチング団体等,吉祥院ザウルス [2021 MARCHING MATSURI CHAMPIONSHIPS TOKAI OPEN｜後援：文部科学省スポーツ庁],吉祥院ザウルス,obs26x0,2021-11-14,吉祥院ザウルス [2021 MARCHING MATSURI CHAMPIONSHIPS TOKAI OPEN｜後援：文部科学省スポーツ庁],https://www.youtube.com/watch?v=Cp3ZsfLTGt4,マーチング祭,https://www.youtube.com/@marching-matsuri,
動画,マーチング団体等,各務野さくらマーチングバンド,各務野さくらマーチングバンド,o1covn9k,2021-11-14,【各務野さくらマーチングバンド】2021 MARCHING MATSURI CHAMPIONSHIPS TOKAI OPEN｜後援：文部科学省スポーツ庁,https://www.youtube.com/watch?v=9vF9mq7jx0I,マーチング祭,https://www.youtube.com/@marching-matsuri,
動画,マーチング団体等,MarchingBand輝合~Teria~,MarchingBand輝合~Teria~,ogl8cre,2021-11-14,【MarchingBand輝合~Teria~ 】2021 MARCHING MATSURI CHAMPIONSHIPS TOKAI OPEN｜後援：文部科学省スポーツ庁,https://www.youtube.com/watch?v=8gUkncWX3Fk,マーチング祭,https://www.youtube.com/@marching-matsuri,
動画,マーチング団体等,つつじが丘ジュニアマーチングバンド [2021 MARCHING MATSURI CHAMPIONSHIPS TOKAI OPEN｜後援：文部科学省スポーツ庁],つつじが丘ジュニアマーチングバンド,o2jxvpo,2021-11-14,つつじが丘ジュニアマーチングバンド [2021 MARCHING MATSURI CHAMPIONSHIPS TOKAI OPEN｜後援：文部科学省スポーツ庁],https://www.youtube.com/watch?v=4B6hE3BG84E,マーチング祭,https://www.youtube.com/@marching-matsuri,
動画,マーチング団体等,THE FOCUS,THE FOCUS,o1iahfpj,2021-11-13,【THE FOCUS】 Winners Show [2021 MARCHING MATSURI CHAMPIONSHIPS TOKAI OPEN｜後援：文部科学省スポーツ庁,https://www.youtube.com/watch?v=k36ssCCWlMo,マーチング祭,https://www.youtube.com/@marching-matsuri,
動画,マーチング団体等,Imperial Sound Drum & Bugle Corps,Imperial Sound Drum&Bugle Corps,o1o6zc1c,2021-11-13,【Imperial Sound Drum & Bugle Corps】 Winners Show 2021 MARCHING MATSURI CHAMPIONSHIPS TOKAI OPEN,https://www.youtube.com/watch?v=V62grSRJ9x0,マーチング祭,https://www.youtube.com/@marching-matsuri,
動画,マーチング団体等,磐田Jr.マーチングバンド Blue Fairies,磐田Jr.マーチングバンド Blue Fairies,ok5oxjd,2021-11-13,【磐田Jr.マーチングバンド Blue Fairies】2021 MARCHING MATSURI CHAMPIONSHIPS TOKAI OPEN｜後援：文部科学省スポーツ庁,https://www.youtube.com/watch?v=NP6BlL2vzfs,マーチング祭,https://www.youtube.com/@marching-matsuri,
動画,マーチング団体等,白水保育園マーチングバンドブルーエンゼルス,白水保育園マーチングバンドブルーエンゼルス,o5pz8qa,2021-11-13,【白水保育園マーチングバンドブルーエンゼルス】2021 MARCHING MATSURI CHAMPIONSHIPS TOKAI OPEN｜後援：文部科学省スポーツ庁,https://www.youtube.com/watch?v=1fNKO0UPomg,マーチング祭,https://www.youtube.com/@marching-matsuri,
動画,マーチング団体等,2019 DER GLANZ @ ALL JAPAN｜2019 デア グランツ「啓翁桜」,DER GLANZ,o7i5jml,2021-10-06,2019 DER GLANZ @ ALL JAPAN｜2019 デア グランツ「啓翁桜」,https://www.youtube.com/watch?v=fKhFxf8Ov5E,マーチング祭,https://www.youtube.com/@marching-matsuri,
ライブ（チャプター）,マーチング団体等,関東学院マーチングバンド / Gesture & Motion,関東学院マーチングバンド,o1u9zfon,2021-09-25,【湘南藤沢】2021 MARCHING MATSURI CHAMPIONSHIPS SHONAN FUJISAWA OPEN｜2021/9/25(sat)｜秋葉台文化体育館,https://www.youtube.com/watch?v=MUqGPj3vfVs&t=8320s,マーチング祭,https://www.youtube.com/@marching-matsuri,
ライブ（チャプター）,マーチング団体等,千葉敬愛高校マーチングバンド Graceful Spirit / VR:2121 ～imagination game,千葉敬愛高等学校マーチングバンドGraceful Spirit,okwuub3,2021-09-25,【湘南藤沢】2021 MARCHING MATSURI CHAMPIONSHIPS SHONAN FUJISAWA OPEN｜2021/9/25(sat)｜秋葉台文化体育館,https://www.youtube.com/watch?v=MUqGPj3vfVs&t=7003s,マーチング祭,https://www.youtube.com/@marching-matsuri,
ライブ（チャプター）,マーチング団体等,鎌倉女子大学中等部・高等部マーチングバンド / 女の子の夢,鎌倉女子大学中等部・高等部マーチングバンド,o1fgqocl,2021-09-25,【湘南藤沢】2021 MARCHING MATSURI CHAMPIONSHIPS SHONAN FUJISAWA OPEN｜2021/9/25(sat)｜秋葉台文化体育館,https://www.youtube.com/watch?v=MUqGPj3vfVs&t=5980s,マーチング祭,https://www.youtube.com/@marching-matsuri,
ライブ（チャプター）,マーチング団体等,鵠沼高校マーチングバンド部 AlbireoNova / AlbireoNova,鵠沼高等学校マーチングバンド部 AlbireoNova,o16mgkws,2021-09-25,【湘南藤沢】2021 MARCHING MATSURI CHAMPIONSHIPS SHONAN FUJISAWA OPEN｜2021/9/25(sat)｜秋葉台文化体育館,https://www.youtube.com/watch?v=MUqGPj3vfVs&t=4704s,マーチング祭,https://www.youtube.com/@marching-matsuri,
ライブ（チャプター）,マーチング団体等,座間市少女マーチングバンド / 追憶の先に,座間市少女マーチングバンド,ote8bz6,2021-09-25,【湘南藤沢】2021 MARCHING MATSURI CHAMPIONSHIPS SHONAN FUJISAWA OPEN｜2021/9/25(sat)｜秋葉台文化体育館,https://www.youtube.com/watch?v=MUqGPj3vfVs&t=3533s,マーチング祭,https://www.youtube.com/@marching-matsuri,
ライブ（チャプター）,マーチング団体等,湘南ドルフィンズ・マーチングバンド / となりのTOTORO,湘南ドルフィンズ・マーチングバンド,o1nov4hn,2021-09-25,【湘南藤沢】2021 MARCHING MATSURI CHAMPIONSHIPS SHONAN FUJISAWA OPEN｜2021/9/25(sat)｜秋葉台文化体育館,https://www.youtube.com/watch?v=MUqGPj3vfVs&t=2230s,マーチング祭,https://www.youtube.com/@marching-matsuri,
ライブ（チャプター）,マーチング団体等,開幕！,,,2021-09-25,【湘南藤沢】2021 MARCHING MATSURI CHAMPIONSHIPS SHONAN FUJISAWA OPEN｜2021/9/25(sat)｜秋葉台文化体育館,https://www.youtube.com/watch?v=MUqGPj3vfVs&t=1112s,マーチング祭,https://www.youtube.com/@marching-matsuri,
動画,マーチング団体等,名古屋女子中高マーチングバンド,名古屋女子中高マーチングバンド,oitxqoa,2021-07-24,【名古屋女子中高マーチングバンド】2005 Nagoya jyoshi Jr.high & High school Girls marching Band｜「H2O -そのさきのかなたへ-」,https://www.youtube.com/watch?v=wxincXpeQzM,マーチング祭,https://www.youtube.com/@marching-matsuri,
動画,スリークロスチーム,2021MIX3埼玉｜C.G.1st place｜Devious Women「 Try to Catch Me」,Devious Women,o13iz5uh,2021-05-10,2021MIX3埼玉｜C.G.1st place｜Devious Women「 Try to Catch Me」,https://www.youtube.com/watch?v=ywnzYDQlU0k,マーチング祭,https://www.youtube.com/@marching-matsuri,
動画,スリークロスチーム,2021MIX3埼玉｜D&P1st place｜re_z0nes「私は何時その世界に、、」,re_z0nes,o1pf2gbe,2021-05-07,2021MIX3埼玉｜D&P1st place｜re_z0nes「私は何時その世界に、、」,https://www.youtube.com/watch?v=vw0rX7iXA2o,マーチング祭,https://www.youtube.com/@marching-matsuri,
動画,スリークロスチーム,2021MIX3東海｜D&P 3rd place｜TOHO MARCHING BAND B'「TOHO Bass show」,TOHO MARCHING BAND B',oa8myk7,2021-04-28,2021MIX3東海｜D&P 3rd place｜TOHO MARCHING BAND B'「TOHO Bass show」,https://www.youtube.com/watch?v=wsbFMHo0HW4,マーチング祭,https://www.youtube.com/@marching-matsuri,
動画,スリークロスチーム,2021MIX3東海｜D&P 2nd place｜Mrs. KettaMa Chinery「Honey&Mustard」,Mrs. KettaMa Chinery,o9hd51t,2021-04-28,2021MIX3東海｜D&P 2nd place｜Mrs. KettaMa Chinery「Honey&Mustard」,https://www.youtube.com/watch?v=VCGSr_TAWLQ,マーチング祭,https://www.youtube.com/@marching-matsuri,
動画,スリークロスチーム,2021MIX3東海｜C.G.2nd place｜MARM from TKB,MARM from TKB,o13gw5rg,2021-04-28,2021MIX3東海｜C.G.2nd place｜MARM from TKB,https://www.youtube.com/watch?v=8G2LQkfb8oA,マーチング祭,https://www.youtube.com/@marching-matsuri,
動画,スリークロスチーム,2021MIX3東海｜C.G.1st place｜THE FOCUS「Beyond」,THE FOCUS,o1iahfpj,2021-04-26,2021MIX3東海｜C.G.1st place｜THE FOCUS「Beyond」,https://www.youtube.com/watch?v=rNyjKdOP-3Y,マーチング祭,https://www.youtube.com/@marching-matsuri,
動画,スリークロスチーム,2021MIX3 東海｜審査員特別賞｜TOHO MARCHING BAND 3しまい「桜人」,TOHO MARCHING BAND 3しまい,oe35fh8,2021-04-26,2021MIX3 東海｜審査員特別賞｜TOHO MARCHING BAND 3しまい「桜人」,https://www.youtube.com/watch?v=ckUMR6-Z8fg,マーチング祭,https://www.youtube.com/@marching-matsuri,
動画,スリークロスチーム,2021MIX3東海｜D&P1st place｜Imperial Sound B「THE END」,Imperial Sound B,o1wxo6bs,2021-04-26,2021MIX3東海｜D&P1st place｜Imperial Sound B「THE END」,https://www.youtube.com/watch?v=WVBT-0ESP4M,マーチング祭,https://www.youtube.com/@marching-matsuri,
動画,スリークロスチーム,2021MIX3神奈川｜after movie,,,2021-04-18,2021MIX3神奈川｜after movie,https://www.youtube.com/watch?v=k2qxaS9vQgY,マーチング祭,https://www.youtube.com/@marching-matsuri,
動画,スリークロスチーム,"2021MIX3 @KURUME, Fukuoka｜after movie",,,2021-03-29,"2021MIX3 @KURUME, Fukuoka｜after movie",https://www.youtube.com/watch?v=NnyELYeqymA,マーチング祭,https://www.youtube.com/@marching-matsuri,
動画,スリークロスチーム,MIX3｜promote movie｜The Making of 波導 / Naruhiro Mori,,,2021-01-03,MIX3｜promote movie｜The Making of 波導 / Naruhiro Mori,https://www.youtube.com/watch?v=D5fuZh6u0W0,マーチング祭,https://www.youtube.com/@marching-matsuri,
動画,スリークロスチーム,MIX3™️ Promote Movie｜Reach for...,,,2020-12-28,MIX3™️ Promote Movie｜Reach for...,https://www.youtube.com/watch?v=wTLjxemqUeY,マーチング祭,https://www.youtube.com/@marching-matsuri,
動画,スリークロスチーム,MIX3™️ Short Promo｜Reach for...,,,2020-12-27,MIX3™️ Short Promo｜Reach for...,https://www.youtube.com/watch?v=uPWdkLBGF9s,マーチング祭,https://www.youtube.com/@marching-matsuri,
動画,スリークロスチーム,MIX3™️ Promote  Movie｜波導,,,2020-12-25,MIX3™️ Promote  Movie｜波導,https://www.youtube.com/watch?v=L0gGH71WhZQ,マーチング祭,https://www.youtube.com/@marching-matsuri,
動画,スリークロスチーム,MIX3™️ Promote Movie｜THE ABYSS Drum line,,,2020-12-15,MIX3™️ Promote Movie｜THE ABYSS Drum line,https://www.youtube.com/watch?v=b234b-PhGfw,マーチング祭,https://www.youtube.com/@marching-matsuri,
動画,スリークロスチーム,MIX3™️ Promote Movie｜MINERVA「Making of Favorite Book」,,,2020-12-12,MIX3™️ Promote Movie｜MINERVA「Making of Favorite Book」,https://www.youtube.com/watch?v=iUIuF1UGBxM,マーチング祭,https://www.youtube.com/@marching-matsuri,
動画,スリークロスチーム,MIX3™️ Promote Movie｜MINERVA「Favorite Book」,,,2020-12-10,MIX3™️ Promote Movie｜MINERVA「Favorite Book」,https://www.youtube.com/watch?v=AsyePuvFkCM,マーチング祭,https://www.youtube.com/@marching-matsuri,
動画,マーチング団体等,YOKOHAMA ROBINS,YOKOHAMA ROBINS,ovg4zxc,2020-11-18,【YOKOHAMA ROBINS】2020TOKAI EXHIBITION,https://www.youtube.com/watch?v=g11UulvAMUw,マーチング祭,https://www.youtube.com/@marching-matsuri,
動画,マーチング団体等,THE FOCUS,THE FOCUS,o1iahfpj,2020-11-13,【THE FOCUS】2020TOKAI EXHIBITION,https://www.youtube.com/watch?v=vGNGPVGlGok,マーチング祭,https://www.youtube.com/@marching-matsuri,
動画,マーチング団体等,MarchingBand輝合~Teria~,MarchingBand輝合~Teria~,ogl8cre,2020-11-13,【MarchingBand輝合~Teria~】2020TOKAI EXHIBITION,https://www.youtube.com/watch?v=CwgWnUXwBzw,マーチング祭,https://www.youtube.com/@marching-matsuri,
動画,マーチング団体等,GENESIS,GENESIS,ooulsx2,2020-11-13,【GENESIS】2020TOKAI EXHIBITION,https://www.youtube.com/watch?v=3dpKCTzxLx8,マーチング祭,https://www.youtube.com/@marching-matsuri,
動画,マーチング団体等,Imperial Sound Drum&Bugle Corps,Imperial Sound Drum&Bugle Corps,o1o6zc1c,2020-11-06,【Imperial Sound Drum&Bugle Corps】2020TOKAI EXHIBITION,https://www.youtube.com/watch?v=BN38xqJ9FqY,マーチング祭,https://www.youtube.com/@marching-matsuri,
動画,マーチング団体等,各務野さくらマーチングバンド,各務野さくらマーチングバンド,o1covn9k,2020-11-04,【各務野さくらマーチングバンド】2020TOKAI EXHIBITION「六華の妖精」,https://www.youtube.com/watch?v=3H6TwGEd8II,マーチング祭,https://www.youtube.com/@marching-matsuri,
動画,マーチング団体等,after movie,,,2020-11-03,【after movie】2020TOKAI Exhibition,https://www.youtube.com/watch?v=FIO8y3xtPq0,マーチング祭,https://www.youtube.com/@marching-matsuri,
ライブ（チャプターなし）,マーチング団体等,(チャプター未設定),,,2020-10-31,【東海】2020マーチング祭 東海発表会 in 浜松,https://www.youtube.com/watch?v=03CXhpyAm_U,マーチング祭,https://www.youtube.com/@marching-matsuri,
動画,マーチング団体等,2020各務野さくらマーチングバンド 初合奏OP,各務野さくらマーチングバンド,o1covn9k,2020-07-09,2020各務野さくらマーチングバンド 初合奏OP,https://www.youtube.com/watch?v=YSk573dHMT4,マーチング祭,https://www.youtube.com/@marching-matsuri,
動画,マーチング団体等,2017 Tokushima Indigoes Drum&Bugle Corps「GLORY」,Tokushima Indigoes Drum&Bugle Corps,o22suyz,2020-05-28,2017 Tokushima Indigoes Drum&Bugle Corps「GLORY」,https://www.youtube.com/watch?v=TUs4FKuI-Kc,マーチング祭,https://www.youtube.com/@marching-matsuri,
動画,マーチング団体等,SENDAI Verdures,SENDAI Verdures,o126whaw,2020-05-10,【SENDAI Verdures 】2019 『I’m a Hero』,https://www.youtube.com/watch?v=d2B3dlMDRDM,マーチング祭,https://www.youtube.com/@marching-matsuri,
動画,マーチング団体等,2014 Lifeguard2  「The Box!!-L.G.Pride-」,LifeguardⅡ,o10jlr3a,2020-05-03,2014 Lifeguard2  「The Box!!-L.G.Pride-」,https://www.youtube.com/watch?v=ylJ4kGpI-u8,マーチング祭,https://www.youtube.com/@marching-matsuri,
動画,マーチング団体等,名古屋女子中高マーチングバンド,名古屋女子中高マーチングバンド,oitxqoa,2020-05-01,【名古屋女子中高マーチングバンド】2006 Nagoya jyoshi Jr.high & High school Girls marching Band「 Sense -尊-」,https://www.youtube.com/watch?v=yrkatFsvGhk,マーチング祭,https://www.youtube.com/@marching-matsuri,
ライブ（チャプター）,マーチング団体等,オープニング,,,2020-01-11,【東海】すごい！マーチング祭2019 in 浜松 [Live Streaming],https://www.youtube.com/watch?v=Z4MaPIVfBZ0&t=965s,マーチング祭,https://www.youtube.com/@marching-matsuri,
ライブ（チャプター）,マーチング団体等,THE FOCUS with エリック宮城,THE FOCUS,o1iahfpj,2020-01-11,【東海】すごい！マーチング祭2019 in 浜松 [Live Streaming],https://www.youtube.com/watch?v=Z4MaPIVfBZ0&t=9310s,マーチング祭,https://www.youtube.com/@marching-matsuri,
ライブ（チャプター）,マーチング団体等,浜松合同バンド with エリック宮城,浜松合同バンド with エリック宮城,oxiel0e,2020-01-11,【東海】すごい！マーチング祭2019 in 浜松 [Live Streaming],https://www.youtube.com/watch?v=Z4MaPIVfBZ0&t=8124s,マーチング祭,https://www.youtube.com/@marching-matsuri,
ライブ（チャプター）,マーチング団体等,浜松市立高等学校吹奏楽部,浜松市立高等学校吹奏楽部,o1ha7g1u,2020-01-11,【東海】すごい！マーチング祭2019 in 浜松 [Live Streaming],https://www.youtube.com/watch?v=Z4MaPIVfBZ0&t=5817s,マーチング祭,https://www.youtube.com/@marching-matsuri,
ライブ（チャプター）,マーチング団体等,Yokohama INSPIRES Drum&Bugle Corps,Yokohama INSPIRES Drum&Bugle Corps,o1a32hho,2020-01-11,【東海】すごい！マーチング祭2019 in 浜松 [Live Streaming],https://www.youtube.com/watch?v=Z4MaPIVfBZ0&t=4943s,マーチング祭,https://www.youtube.com/@marching-matsuri,
ライブ（チャプター）,マーチング団体等,Legend of ANGELS Drum & Bugle Corps,Imperial Sound Drum&Bugle Corps,o1o6zc1c,2020-01-11,【東海】すごい！マーチング祭2019 in 浜松 [Live Streaming],https://www.youtube.com/watch?v=Z4MaPIVfBZ0&t=3306s,マーチング祭,https://www.youtube.com/@marching-matsuri,
ライブ（チャプター）,マーチング団体等,各務野さくらマーチングバンド,各務野さくらマーチングバンド,o1covn9k,2020-01-11,【東海】すごい！マーチング祭2019 in 浜松 [Live Streaming],https://www.youtube.com/watch?v=Z4MaPIVfBZ0&t=2335s,マーチング祭,https://www.youtube.com/@marching-matsuri,
ライブ（チャプター）,マーチング団体等,フィナーレ with エリック宮城,フィナーレ with エリック宮城,oj51ybi,2020-01-11,【東海】すごい！マーチング祭2019 in 浜松 [Live Streaming],https://www.youtube.com/watch?v=Z4MaPIVfBZ0&t=13368s,マーチング祭,https://www.youtube.com/@marching-matsuri,
ライブ（チャプター）,マーチング団体等,【来賓ご挨拶】片山さつき議員,,,2020-01-11,【東海】すごい！マーチング祭2019 in 浜松 [Live Streaming],https://www.youtube.com/watch?v=Z4MaPIVfBZ0&t=13140s,マーチング祭,https://www.youtube.com/@marching-matsuri,
ライブ（チャプター）,マーチング団体等,つつじが丘ジュニアマーチングバンド,つつじが丘ジュニアマーチングバンド,o2jxvpo,2020-01-11,【東海】すごい！マーチング祭2019 in 浜松 [Live Streaming],https://www.youtube.com/watch?v=Z4MaPIVfBZ0&t=1295s,マーチング祭,https://www.youtube.com/@marching-matsuri,
ライブ（チャプター）,マーチング団体等,Yokohama INSPIRES Drum&Bugle Corps,Yokohama INSPIRES Drum&Bugle Corps,o1a32hho,2020-01-11,【東海】すごい！マーチング祭2019 in 浜松 [Live Streaming],https://www.youtube.com/watch?v=Z4MaPIVfBZ0&t=12554s,マーチング祭,https://www.youtube.com/@marching-matsuri,
ライブ（チャプター）,マーチング団体等,TOYOTA Illusion Magic,TOYOTA Illusion Magic,o1dciz8a,2020-01-11,【東海】すごい！マーチング祭2019 in 浜松 [Live Streaming],https://www.youtube.com/watch?v=Z4MaPIVfBZ0&t=11104s,マーチング祭,https://www.youtube.com/@marching-matsuri,
動画,マーチング団体等,2019 すごい！マーチング祭 in 浜松［CM］｜1/11土＠浜松アリーナ,,,2019-12-25,2019 すごい！マーチング祭 in 浜松［CM］｜1/11土＠浜松アリーナ,https://www.youtube.com/watch?v=Ufv8qU2kCtE,マーチング祭,https://www.youtube.com/@marching-matsuri,
動画,マーチング団体等,Kakamino SAKURA MarchingBand,各務野さくらマーチングバンド,o1covn9k,2019-12-09,【Kakamino SAKURA MarchingBand】2019 『TRICK & TREAT』,https://www.youtube.com/watch?v=b7XGu-xVJZ0,マーチング祭,https://www.youtube.com/@marching-matsuri,
動画,マーチング団体等,Lifeguard 2 2017 VLOG Vol 12 Semifinal Show Day #1,,,2019-10-15,Lifeguard 2 2017 VLOG Vol 12 Semifinal Show Day #1,https://www.youtube.com/watch?v=yop5k62Pbmo,マーチング祭,https://www.youtube.com/@marching-matsuri,
動画,マーチング団体等,Lifeguard 2 2017 VLOG Vol 17 another story of the Gift,,,2019-10-15,Lifeguard 2 2017 VLOG Vol 17 another story of the Gift,https://www.youtube.com/watch?v=s6dTjIXNtIA,マーチング祭,https://www.youtube.com/@marching-matsuri,
動画,マーチング団体等,Lifeguard 2 2017 VLOG Vol 11 Autumn Camp Day 2,,,2019-10-15,Lifeguard 2 2017 VLOG Vol 11 Autumn Camp Day 2,https://www.youtube.com/watch?v=phwzlZEXwQU,マーチング祭,https://www.youtube.com/@marching-matsuri,
動画,マーチング団体等,Lifeguard2017 VLOG Vol18 FinalShowDay,,,2019-10-15,Lifeguard2017 VLOG Vol18 FinalShowDay,https://www.youtube.com/watch?v=Rr_W4TmuEAE,マーチング祭,https://www.youtube.com/@marching-matsuri,
動画,マーチング団体等,Lifeguard 2 2017 VLOG Vol 16 Winter Camp,,,2019-10-15,Lifeguard 2 2017 VLOG Vol 16 Winter Camp,https://www.youtube.com/watch?v=QP9N-NMdGjM,マーチング祭,https://www.youtube.com/@marching-matsuri,
動画,マーチング団体等,Lifeguard 2 2017 VLOG Vol 14 Talking about Swing,,,2019-10-15,Lifeguard 2 2017 VLOG Vol 14 Talking about Swing,https://www.youtube.com/watch?v=NDsSV22sKEg,マーチング祭,https://www.youtube.com/@marching-matsuri,
動画,マーチング団体等,Lifeguard 2 2017 VLOG Vol 13 Semifinal Show Day #2,,,2019-10-15,Lifeguard 2 2017 VLOG Vol 13 Semifinal Show Day #2,https://www.youtube.com/watch?v=JRsRAotod3w,マーチング祭,https://www.youtube.com/@marching-matsuri,
動画,マーチング団体等,Lifeguard 2 2017 VLOG Vol 15 Talking about Closer,,,2019-10-15,Lifeguard 2 2017 VLOG Vol 15 Talking about Closer,https://www.youtube.com/watch?v=-Pa_L7AcYnk,マーチング祭,https://www.youtube.com/@marching-matsuri,
動画,マーチング団体等,仙台市立仙台青陵中等教育学校,仙台市立仙台青陵中等教育学校,o1kof2bu,2019-10-04,【仙台市立仙台青陵中等教育学校】2019 ｜宮城県大会,https://www.youtube.com/watch?v=VXtR2eynZ0Q,マーチング祭,https://www.youtube.com/@marching-matsuri,
動画,マーチング団体等,宮城県多賀城高等学校,宮城県多賀城高等学校,o13cskee,2019-10-04,【宮城県多賀城高等学校】2019 ｜宮城県大会,https://www.youtube.com/watch?v=76KHGNVwOOQ,マーチング祭,https://www.youtube.com/@marching-matsuri,
動画,マーチング団体等,Legend of ANGELS 2014『ANGELS & DEMONS』,Legend of ANGELS Drum&Bugle Corps,o1slw9jm,2019-09-26,Legend of ANGELS 2014『ANGELS & DEMONS』,https://www.youtube.com/watch?v=d3g42ooHiuc,マーチング祭,https://www.youtube.com/@marching-matsuri,
動画,マーチング団体等,Kakamino SAKURA MarchingBand 2019 『TRICK & TREAT』,各務野さくらマーチングバンド,o1covn9k,2019-09-16,Kakamino SAKURA MarchingBand 2019 『TRICK & TREAT』,https://www.youtube.com/watch?v=wwRhFW2x8Cs,マーチング祭,https://www.youtube.com/@marching-matsuri,
動画,マーチング団体等,Legend of ANGELS  2016『Burn on Live !!』,Legend of ANGELS Drum&Bugle Corps,o1slw9jm,2019-09-10,Legend of ANGELS  2016『Burn on Live !!』,https://www.youtube.com/watch?v=W0zIpzkOntM,マーチング祭,https://www.youtube.com/@marching-matsuri,
動画,マーチング団体等,Tsutsujigaoka Jr. MarchingBand  2013『龍の戦士』,つつじが丘ジュニアマーチングバンド,o2jxvpo,2019-08-11,Tsutsujigaoka Jr. MarchingBand  2013『龍の戦士』,https://www.youtube.com/watch?v=mQ6p46rXrZY,マーチング祭,https://www.youtube.com/@marching-matsuri,
動画,マーチング団体等,Tsutsujigaoka Jr. MarchingBand 2017『TRIAD』,つつじが丘ジュニアマーチングバンド,o2jxvpo,2019-08-11,Tsutsujigaoka Jr. MarchingBand 2017『TRIAD』,https://www.youtube.com/watch?v=Se7js6ImNc4,マーチング祭,https://www.youtube.com/@marching-matsuri,
動画,マーチング団体等,"Lifeguard 2 2017 VLOG Vol 7 Wrap up Party at ""ARISAN""",,,2019-08-02,"Lifeguard 2 2017 VLOG Vol 7 Wrap up Party at ""ARISAN""",https://www.youtube.com/watch?v=0irnb_c_C60,マーチング祭,https://www.youtube.com/@marching-matsuri,
動画,マーチング団体等,SENDAI Verdures,SENDAI Verdures,o126whaw,2019-07-30,【SENDAI Verdures】2015 『Tick Tack』,https://www.youtube.com/watch?v=uUVhQgTNbjk,マーチング祭,https://www.youtube.com/@marching-matsuri,
動画,マーチング団体等,Lifeguard 2 2017 VLOG Vol 6 Quarter Final Show Day,,,2019-07-26,Lifeguard 2 2017 VLOG Vol 6 Quarter Final Show Day,https://www.youtube.com/watch?v=HLX_jMNavo8,マーチング祭,https://www.youtube.com/@marching-matsuri,
動画,マーチング団体等,SENDAI Verdures,SENDAI Verdures,o126whaw,2019-07-23,【SENDAI Verdures】2017 『Beyond the Lens』,https://www.youtube.com/watch?v=LxFHW-pBgCk,マーチング祭,https://www.youtube.com/@marching-matsuri,
動画,マーチング団体等,Lifeguard 2 2017 VLOG Vol 5 Summer Camp Day 2,,,2019-07-19,Lifeguard 2 2017 VLOG Vol 5 Summer Camp Day 2,https://www.youtube.com/watch?v=CaloSf7-lwE,マーチング祭,https://www.youtube.com/@marching-matsuri,
動画,マーチング団体等,2013 SENDAI Verdures『A Straw Hat』 All Japan Championships,SENDAI Verdures,o126whaw,2019-07-16,2013 SENDAI Verdures『A Straw Hat』 All Japan Championships,https://www.youtube.com/watch?v=zMVO7xQBR9U,マーチング祭,https://www.youtube.com/@marching-matsuri,
動画,マーチング団体等,Lifeguard 2 2017 VLOG Vol 3 New Uniform Showcase with TOMBOW official,,,2019-07-15,Lifeguard 2 2017 VLOG Vol 3 New Uniform Showcase with TOMBOW official,https://www.youtube.com/watch?v=JANANaGkyMY,マーチング祭,https://www.youtube.com/@marching-matsuri,
動画,マーチング団体等,Lifeguard 2 2017 VLOG Vol 4 Summer Camp Day 1,,,2019-07-13,Lifeguard 2 2017 VLOG Vol 4 Summer Camp Day 1,https://www.youtube.com/watch?v=vnxolEuC8mY,マーチング祭,https://www.youtube.com/@marching-matsuri,
動画,マーチング団体等,名古屋女子中高マーチングバンド,名古屋女子中高マーチングバンド,oitxqoa,2019-07-10,【名古屋女子中高マーチングバンド】2004 Nagoya jyoshi Jr.high & High school Girls marching Band｜「Freme by Fremes」,https://www.youtube.com/watch?v=Zl_sfyaBSVo,マーチング祭,https://www.youtube.com/@marching-matsuri,
動画,マーチング団体等,Lifeguard 2 2017 VLOG Vol 2 1st Ensemble Day #2,,,2019-07-06,Lifeguard 2 2017 VLOG Vol 2 1st Ensemble Day #2,https://www.youtube.com/watch?v=K7rL2fDvl2A,マーチング祭,https://www.youtube.com/@marching-matsuri,
動画,マーチング団体等,Kakamino SAKURA MarchingBand 2017 『木花咲耶姫』東海大会,各務野さくらマーチングバンド,o1covn9k,2019-07-03,Kakamino SAKURA MarchingBand 2017 『木花咲耶姫』東海大会,https://www.youtube.com/watch?v=CfzrtvlmFro,マーチング祭,https://www.youtube.com/@marching-matsuri,
動画,マーチング団体等,Kakamino SAKURA MarchingBand 2018『夏祭り』東海大会,各務野さくらマーチングバンド,o1covn9k,2019-06-30,Kakamino SAKURA MarchingBand 2018『夏祭り』東海大会,https://www.youtube.com/watch?v=ft35tL1880E,マーチング祭,https://www.youtube.com/@marching-matsuri,
動画,マーチング団体等,Lifeguard 2 2017 VLOG Vol 1 1st Ensemble Day #1,,,2019-06-28,Lifeguard 2 2017 VLOG Vol 1 1st Ensemble Day #1,https://www.youtube.com/watch?v=dWU2OXr-uSk,マーチング祭,https://www.youtube.com/@marching-matsuri,
動画,マーチング団体等,LifeguardⅡ,LifeguardⅡ,o10jlr3a,2019-06-23,【 LifeguardⅡ】2016『Call…』東海大会,https://www.youtube.com/watch?v=vJJoaTWpGOw,マーチング祭,https://www.youtube.com/@marching-matsuri,
動画,マーチング団体等,LifeguardⅡ,LifeguardⅡ,o10jlr3a,2019-06-23,【LifeguardⅡ】2017 『gift』All Japan Championship,https://www.youtube.com/watch?v=_zzJ2pIOurE,マーチング祭,https://www.youtube.com/@marching-matsuri,
動画,マーチング団体等,Lifeguard II,LifeguardⅡ,o10jlr3a,2018-12-27,【焼津】すごい！マーチング祭 2018 in 焼津【高画質版】,https://www.youtube.com/watch?v=FHk1nKjl5x0&t=9031s,マーチング祭,https://www.youtube.com/@marching-matsuri,
動画,マーチング団体等,つつじが丘ジュニアマーチングバンド,つつじが丘ジュニアマーチングバンド,o2jxvpo,2018-12-27,【焼津】すごい！マーチング祭 2018 in 焼津【高画質版】,https://www.youtube.com/watch?v=FHk1nKjl5x0&t=809s,マーチング祭,https://www.youtube.com/@marching-matsuri,
動画,マーチング団体等,各務野さくらマーチングバンド,各務野さくらマーチングバンド,o1covn9k,2018-12-27,【焼津】すごい！マーチング祭 2018 in 焼津【高画質版】,https://www.youtube.com/watch?v=FHk1nKjl5x0&t=7936s,マーチング祭,https://www.youtube.com/@marching-matsuri,
動画,マーチング団体等,TONAN Marching Band the Gryphons,TONAN Marching Band the Gryphons,o1lj9cdx,2018-12-27,【焼津】すごい！マーチング祭 2018 in 焼津【高画質版】,https://www.youtube.com/watch?v=FHk1nKjl5x0&t=6313s,マーチング祭,https://www.youtube.com/@marching-matsuri,
動画,マーチング団体等,MITO CITY MARCHING BAND,The Infinity,o178oclp,2018-12-27,【焼津】すごい！マーチング祭 2018 in 焼津【高画質版】,https://www.youtube.com/watch?v=FHk1nKjl5x0&t=585s,マーチング祭,https://www.youtube.com/@marching-matsuri,
動画,マーチング団体等,Genesis,GENESIS,ooulsx2,2018-12-27,【焼津】すごい！マーチング祭 2018 in 焼津【高画質版】,https://www.youtube.com/watch?v=FHk1nKjl5x0&t=3626s,マーチング祭,https://www.youtube.com/@marching-matsuri,
動画,マーチング団体等,Legend of Angels Drum & Bugle Corps,Legend of ANGELS Drum&Bugle Corps,o1slw9jm,2018-12-27,【焼津】すごい！マーチング祭 2018 in 焼津【高画質版】,https://www.youtube.com/watch?v=FHk1nKjl5x0&t=1962s,マーチング祭,https://www.youtube.com/@marching-matsuri,
動画,マーチング団体等,笠間ジュニアマーチングバンド INFINITY,笠間ジュニアマーチングバンド INFINITY,o1ecbctz,2018-12-27,【焼津】すごい！マーチング祭 2018 in 焼津【高画質版】,https://www.youtube.com/watch?v=FHk1nKjl5x0,マーチング祭,https://www.youtube.com/@marching-matsuri,
動画,マーチング団体等,20181222 すごい！マーチング祭　終了後の盛り上がり,,,2018-12-25,20181222 すごい！マーチング祭　終了後の盛り上がり,https://www.youtube.com/watch?v=uUzCSZ1faxo,マーチング祭,https://www.youtube.com/@marching-matsuri,
動画,マーチング団体等,すごいマーチング祭2018CM（1128）,,,2018-11-28,すごいマーチング祭2018CM（1128）,https://www.youtube.com/watch?v=y7OA3YOdmoE,マーチング祭,https://www.youtube.com/@marching-matsuri,
動画,マーチング団体等,すごい！マーチング祭2018 CM（1022sat）,,,2018-10-23,すごい！マーチング祭2018 CM（1022sat）,https://www.youtube.com/watch?v=IidxHMXaGtY,マーチング祭,https://www.youtube.com/@marching-matsuri,
